zrodlo;nazwa;wartosc;ilosc_szt;referencje;obudowa
nowe;5 pairs AWG24;TAPS / PTH;1;J4;PTH_TAPS_12
nowe;AD7606BBSTZ;AD7606BBSTZ;1;U1;LQFP-64_10x10mm_P0.5mm
nowe;C3225X7R1E226M250AB;22u;2;C12, C13;C_1210_3225Metric
nowe;EEUFR1C471;470u / 16V;1;C1;CP_Radial_D8.0mm_P3.50mm
nowe;G6K-2P-Y DC5;G6K-2P-Y DC5;3;K1, K2, K3;Relay_DPDT_Omron_G6K-2P-Y
nowe;IDC header 2x10 2.54mm angled shrouded, Au;J_BP2 / IDC 2x10;1;J_BP2;IDC-Header_2x10_P2.54mm_Horizontal
nowe;IDC header 2x5 2.54mm angled shrouded, Au;J_BP1 / IDC 2x5;1;J_BP1;IDC-Header_2x05_P2.54mm_Horizontal
nowe;JS202011AQN;AUX HI / LO;1;SW1;SW_CK_JS202011AQN_DPDT_Angled
nowe;KNP01U-1R (1R 1W wirewound, body 3x9mm);1R;1;R1;R_Axial_DIN0411_L9.9mm_D3.6mm_P15.24mm_Horizontal
nowe;MCP1700-3302E/TO;MCP1700-3302E/TO;1;U12;TO-92_Inline_Wide
nowe;Pin header 1x11, 2.54 mm, right angle, Au;J_SV1 SERWIS 1x11;1;J_SV1;PinHeader_1x11_P2.54mm_Horizontal
nowe;Pin header 1x13, 2.54 mm, right angle, Au;J_SV2 SERWIS 1x13;1;J_SV2;PinHeader_1x13_P2.54mm_Horizontal
nowe;RC1206FR-0710KL;10K;23;R9, R10, R11, R12, R14, R15, R16, R17, R18, R19, R20, R21, R22, R23, R24, R25, R30, R39, R40, R41, R42, R53, R54;R_1206_3216Metric_Pad1.30x1.75mm_HandSolder
nowe;RC1206FR-071KL;1K;14;R2, R36, R37, R38, R44, R45, R46, R47, R48, R49, R50, R51, R52, R55;R_1206_3216Metric_Pad1.30x1.75mm_HandSolder
nowe;RC1206FR-0733RL;33R;2;R26, R27;R_1206_3216Metric_Pad1.30x1.75mm_HandSolder
nowe;REF5025IDR;REF5025IDR;1;U2;SOIC-8_3.9x4.9mm_P1.27mm
nowe;RT1206BRB0710KL;10K;1;R4;R_1206_3216Metric_Pad1.30x1.75mm_HandSolder
nowe;RT1206BRB0715KL;15K;1;R3;R_1206_3216Metric_Pad1.30x1.75mm_HandSolder
nowe;RT1206BRB0720KL;20K;1;R6;R_1206_3216Metric_Pad1.30x1.75mm_HandSolder
nowe;RT1206BRB0724K9L;24.9K;1;R8;R_1206_3216Metric_Pad1.30x1.75mm_HandSolder
nowe;RT1206BRB075K11L;5.11K;1;R7;R_1206_3216Metric_Pad1.30x1.75mm_HandSolder
nowe;RT1206BRB076K04L;6.04K;1;R5;R_1206_3216Metric_Pad1.30x1.75mm_HandSolder
nowe;RT1206BRD07100KL;100K;5;R28, R29, R32, R34, R35;R_1206_3216Metric_Pad1.30x1.75mm_HandSolder
nowe;RT1206BRD07300KL;300K;1;R33;R_1206_3216Metric_Pad1.30x1.75mm_HandSolder
nowe;RT1206BRD07499KL;499K;1;R31;R_1206_3216Metric_Pad1.30x1.75mm_HandSolder
nowe;SMD 1206 C0G 50V 5% 220p;220p;7;C27, C28, C29, C30, C31, C33, C34;C_1206_3216Metric_Pad1.33x1.80mm_HandSolder
nowe;SMD 1206 X7R 25V 10% 100n;100n;12;C4, C5, C6, C7, C8, C11, C14, C15, C19, C20, C21, C22;C_1206_3216Metric_Pad1.33x1.80mm_HandSolder
nowe;SMD 1206 X7R 25V 10% 1u;1u;3;C9, C10, C24;C_1206_3216Metric_Pad1.33x1.80mm_HandSolder
nowe;SMD 1206 X7R 25V 10% 2.2u;2.2u;1;C3;C_1206_3216Metric_Pad1.33x1.80mm_HandSolder
nowe;TBD62083APG;TBD62083APG;1;U4;DIP-18_W7.62mm
nowe;TLV1702AQDGKRQ1;TLV1702-Q1;1;U3;VSSOP-8_3x3mm_P0.65mm
nowe;insulated panel BNC + RG174 50mm;AUX / coax 50mm;1;J6;PTH_AUX_2
rejestr;1N4148;1N4148;3;D1, D2, D3;D_DO-35_SOD27_P7.62mm_Horizontal
rejestr;74LVC125AD,118;74LVC125AD;4;U8, U9, U10, U11;SOIC-14_3.9x8.7mm_P1.27mm
rejestr;B32529C1103J289 (TDK MKT 10n/100V, owned);10n;2;C25, C26;C_TDK_B32529_L7.3_W2.5_P5
rejestr;B32529C1104J000 (TDK MKT 100n/100V, owned);100n;3;C16, C17, C18;C_TDK_B32529_L7.3_W2.5_P5
rejestr;"C320C102J1G5TA (KEMET C0G 1n, owned; lead pitch to check on the 1:1 print)";1n;1;C32;C_Disc_D5.0mm_W2.5mm_P5.00mm
rejestr;MCP120-300DI/TO;MCP120-300DI/TO;1;U6;TO-92_Inline_Wide
rejestr;MCP120-450DI/TO;MCP120-450DI/TO;1;U7;TO-92_Inline_Wide
rejestr;MF0207FTE-47K (Yageo MF0207 1% 0.6W, owned, standing);47K;1;R13;R_Axial_DIN0207_L6.3mm_D2.5mm_P5.08mm_Vertical
rejestr;MF0207FTE-4K7 (Yageo MF0207 1% 0.6W, owned, standing);4.7K;1;R43;R_Axial_DIN0207_L6.3mm_D2.5mm_P5.08mm_Vertical
rejestr;MKS2D041001K00JO00 (WIMA MKS2 1u/100V, owned);1u;2;C2, C23;C_WIMA_MKS2_1u100V_L7.2_W7.2_P5
rejestr;SN74HC08N;SN74HC08N;1;U5;DIP-14_W7.62mm
