zlacze;pin;siec;kierunek;plytka_docelowa;uwagi
J_BP1;1;GND;gnd;P12 (wszystkie);
J_BP1;2;CS_ILOG_N;out;P06;U22 (dekoder U2 Y0)
J_BP1;3;GND;gnd;P12 (wszystkie);
J_BP1;4;CS_ITEST_N;out;P07;U22 (dekoder U2 Y1)
J_BP1;5;GND;gnd;P12 (wszystkie);
J_BP1;6;CAN_TX;out;P10;GPIO17 bezposrednio
J_BP1;7;GND;gnd;P12 (wszystkie);
J_BP1;8;CAN_RX;in;P10;U11, domyslnie 1 (recessive)
J_BP1;9;GND;gnd;P12 (wszystkie);
J_BP1;10;N_J_SCOPE_HOT;out;P11 (BNC SCOPE);SCOPE_TRIG przez R12 330R
J_BP1;11;LOGGER_CURRENT_OK;in;P06;"statyczny; wyjatek od GND na nieparzystym"
J_BP1;12;SENSOR_HEALTHY;in;P08;statyczny
J_BP1;13;MARK;in;P11;"przycisk; statyczny; wyjatek"
J_BP1;14;TEST_KEY;in;P11;"przelacznik; statyczny"
J_BP1;15;LOGGER_CLEAR;in;P11;"przycisk; statyczny; wyjatek"
J_BP1;16;TEST_PRESENT;in;P11;statyczny
J_BP1;17;ENA_DIAG;in;P07;"statyczny; wyjatek"
J_BP1;18;ENB_DIAG;in;P07;statyczny
J_BP1;19;MOTOR_INA;out;P07;"MCP23017, statyczny; wyjatek"
J_BP1;20;MOTOR_INB;out;P07;MCP23017, statyczny
J_BP2;1;GND;gnd;P12 (wszystkie);
J_BP2;2;ADC_SCLK;out;P05, P06, P07;"zegar; GND po obu stronach; P12 rozprowadza wielopunktowo"
J_BP2;3;GND;gnd;P12 (wszystkie);
J_BP2;4;ADC_DOUTA;in;P05, P06, P07;"wspolna linia danych; P12 wielopunktowo"
J_BP2;5;GND;gnd;P12 (wszystkie);
J_BP2;6;ADC_SDI;out;P05;
J_BP2;7;GND;gnd;P12 (wszystkie);
J_BP2;8;ADC_CS;out;P05;
J_BP2;9;GND;gnd;P12 (wszystkie);
J_BP2;10;ADC_CONVST;out;P05;zbocze startu przetwarzania
J_BP2;11;GND;gnd;P12 (wszystkie);
J_BP2;12;ADC_BUSY;in;P05;
J_BP2;13;GND;gnd;P12 (wszystkie);
J_BP2;14;MEAS_EN;out;P05;GND po obu stronach
J_BP2;15;GND;gnd;P12 (wszystkie);
J_BP2;16;PFAIL_N;in;P02 R4;"aktywny niski; na P03 1k szeregowo + 100k do 3V3_CORE; GND na 15"
J_BP2;17;5V_SYS;pwr;P02 R4;"trzecia zyla zasilania P03 (30.09); wyjatek od GND na nieparzystym"
J_BP2;18;ADC_RESET;out;P05;statyczny, miedzy zylami 5V_SYS
J_BP2;19;5V_SYS;pwr;P02 R4;"zasilanie P03; wyjatek od GND na nieparzystym"
J_BP2;20;5V_SYS;pwr;P02 R4;zasilanie P03
J_BP3;1;GND;gnd;P12 (wszystkie);
J_BP3;2;SPI3_SCLK;out;P09;"zegar; GND po obu stronach"
J_BP3;3;GND;gnd;P12 (wszystkie);
J_BP3;4;SPI3_MOSI;out;P09;
J_BP3;5;3V3_IO;pwr;P02 R4;"zasilanie OE U14; wyjatek (zasilanie odsprzezone)"
J_BP3;6;SPI3_MISO;in;P09;wspolne z karta SD na P03
J_BP3;7;GND;gnd;P12 (wszystkie);
J_BP3;8;TC1_CS;out;P09;
J_BP3;9;SENSOR_ENABLE;out;P04;"MCP23017, statyczny; wyjatek"
J_BP3;10;TC2_CS;out;P09;
J_BP3;11;GND;gnd;P12 (wszystkie);
J_BP3;12;SUP_N_OUT;out;P04;reset przez U6 (Schmitt) i R41 220R
J_BP3;13;CORE_LINK;out;P04;"3V3_CORE przez R14 1k, statyczny; wyjatek"
J_BP3;14;PWM;out;P04;GPIO1 bezposrednio
J_BP3;15;GND;gnd;P12 (wszystkie);
J_BP3;16;HEARTBEAT;out;P04;GPIO21 bezposrednio
J_BP3;17;HW_ARMED;in;P04;"statyczny; wyjatek"
J_BP3;18;MCU_ARM;out;P04;statyczny
J_BP3;19;GND;gnd;P12 (wszystkie);
J_BP3;20;INTERLOCK;in;P04;statyczny
