Nazwa;Ilosc szt.
THT 2-pin 5.08 mm >=10 A;2
THT 2-pin 2.54 mm / INHIBIT;1
"15KPA24CA; P600 axial";1
"STPS20100CT; TO-220AB";1
"SUP53P06-20-E3; TO-220AB";1
"5KP18A; P600 axial";1
"BZX55C15; DO-35";1
"10 uF / 63 V; elektrolit 105°C; THT";1
"100 nF / 100 V; foliowy; THT";2
"100 uF / 50 V; elektrolit 105°C; THT";1
"220 nF / 100 V; foliowy; THT";1
"47 nF / 100 V; foliowy; THT";1
"150 ohm; rezystor THT; 2 W; 5%";1
"1.5KE18A-E3/54; DO-201";1
"22 uF / 35 V; elektrolit 105°C; THT";1
"100 nF / 50 V; X7R; THT";3
"LM2936Z-5.0/NOPB; TO-92";1
"1 ohm; rezystor THT; 0.25 W; 1%";1
"47 uF / 16 V; elektrolit 105°C; THT; ESR C9+1 Ω: 0,3-8 Ω";1
"820 ohm; rezystor THT; 0.25 W; 1%";1
"10000 ohm; rezystor THT; 0.25 W; 1%";4
"TL431BILP; TO-92";1
"LM2903P; DIP-8";1
"MCP120-450DI/TO; TO-92";1
"1N4148; DO-35";3
"54900 ohm; rezystor THT; 0.25 W; 0.1%";1
"3296W-1-502LF / 5 kohm; THT multiturn";1
"10000 ohm; rezystor THT; 0.25 W; 0.1%";3
"220000 ohm; rezystor THT; 0.25 W; 0.1%";1
"26100 ohm; rezystor THT; 0.25 W; 0.1%";1
"249000 ohm; rezystor THT; 0.25 W; 0.1%";1
"100000 ohm; rezystor THT; 0.25 W; 1%";5
"100 pF / 50 V; C0G/NP0; THT";1
"1 nF / 50 V; C0G/NP0; THT";1
"2200 ohm; rezystor THT; 0.25 W; 1%";1
"4700 ohm; rezystor THT; 0.25 W; 1%";3
"2N5551G; TO-92";5
"47000 ohm; rezystor THT; 0.25 W; 1%";4
"4700 ohm; rezystor THT; 0.5 W; 1%";2
"2N5401G; TO-92";2
"2200 ohm; rezystor THT; 2 W; 1%";1
"10000 ohm; rezystor THT; 0.5 W; 1%";1
"47 ohm; rezystor THT; 0.5 W; 1%";1
"LED zielona 3 mm; THT";1
"6800 ohm; rezystor THT; 0.25 W; 1%";1
THT 3-pin 2.54 mm / FAULT;1
Radiator do D2, <=5 K/W w docelowej obudowie;1
Radiator do Q1, <=10 K/W w docelowej obudowie;1
Zestaw izolacyjny TO-220: podkładka + tulejka + śruba;2
Podstawka precyzyjna DIP-8;1
Płytka uniwersalna FR4 około 100 x 160 mm;1
Zworka 2,54 mm do J3, tylko do prób INHIBIT;1
