cable;ends;family;positions;key_pin;blocking;compatible_group
DAQ;P03/P05;IDC;16;2;"Usuniety pin 2 obu gniazd; zaslepka pozycji 2 obu wtykow IDC";DAQ
ILOG;P03/P06;IDC;8;2;"Usuniety pin 2 obu gniazd; zaslepka pozycji 2 obu wtykow IDC";ILOG
ITEST;P03/P07;IDC;6;2;"Usuniety pin 2 obu gniazd; zaslepka pozycji 2 obu wtykow IDC";ITEST
SAFE;P03/P04;IDC;16;4;"Usuniety pin 4 obu gniazd; zaslepka pozycji 4 obu wtykow IDC";SAFE
DRIVE;P04/P07;IDC;10;2;"Usuniety pin 2 obu gniazd; zaslepka pozycji 2 obu wtykow IDC";DRIVE
DIR;P03/P07;IDC;8;4;"Usuniety pin 4 obu gniazd; zaslepka pozycji 4 obu wtykow IDC";DIR
SENSOR;P04/P08;IDC;4;2;"Usuniety pin 2 obu gniazd; zaslepka pozycji 2 obu wtykow IDC";SENSOR
SFAULT;P03/P08;IDC;6;3;"Usuniety pin 3 obu gniazd; zaslepka pozycji 3 obu wtykow IDC";SFAULT
DAQOK;P04/P05;IDC;6;4;"Usuniety pin 4 obu gniazd; zaslepka pozycji 4 obu wtykow IDC";DAQOK
PSUOK;P04/P02;IDC;6;5;"Usuniety pin 5 obu gniazd; zaslepka pozycji 5 obu wtykow IDC";PSUOK
PG;P04/P01;MicroFit-6;6;;Polaryzacja korpusu / liczba pozycji;PG
TEMP;P03/P09;IDC;10;4;"Usuniety pin 4 obu gniazd; zaslepka pozycji 4 obu wtykow IDC";TEMP
CAN;P03/P10;IDC;4;4;"Usuniety pin 4 obu gniazd; zaslepka pozycji 4 obu wtykow IDC";CAN
PANELSAFE;P04/P11;MicroFit-10;10;;Polaryzacja korpusu / liczba pozycji;PANELSAFE
PANELCORE;P03/P11;MicroFit-8;8;;Polaryzacja korpusu / liczba pozycji;PANELCORE
SUPPLY;P01/P02;MSTB 5.08 >=12A;3;;Polaryzacja korpusu / liczba pozycji;VPROT
VMOTOR;P02/P07;MSTB 5.08 >=12A;3;;Polaryzacja korpusu / liczba pozycji;VPROT
LV03;P02/P03;MicroFit-4;4;;Polaryzacja korpusu / liczba pozycji;LV
LV04;P02/P04;MicroFit-4;4;;Polaryzacja korpusu / liczba pozycji;LV
LV05;P02/P05;MicroFit-4;4;;Polaryzacja korpusu / liczba pozycji;LV
LV06;P02/P06;MicroFit-4;4;;Polaryzacja korpusu / liczba pozycji;LV
LV07;P02/P07;MicroFit-4;4;;Polaryzacja korpusu / liczba pozycji;LV
LV08;P02/P08;MicroFit-4;4;;Polaryzacja korpusu / liczba pozycji;LV
LV09;P02/P09;MicroFit-4;4;;Polaryzacja korpusu / liczba pozycji;LV
LV10;P02/P10;MicroFit-4;4;;Polaryzacja korpusu / liczba pozycji;LV
TAPS;P11/P05;MSTB 3.81 ANALOG;6;;Polaryzacja korpusu / liczba pozycji;TAPS
ISERIES;P11/P06;MSTB 5.08 >=12A yellow;4;;Polaryzacja korpusu / liczba pozycji;ISERIES
TMOTOR;P07/P11;MSTB 5.08 >=12A red;5;;Polaryzacja korpusu / liczba pozycji;TMOTOR
TSENSOR;P08/P11;MicroFit-2 blue;2;;Polaryzacja korpusu / liczba pozycji;TSENSOR
EXT_T;P11/AT;DEUTSCH DT12;12;A;Fabryczny klucz A;EXT_T
EXT_L1;P11/AL1;DEUTSCH DT12;12;B;Fabryczny klucz B;EXT_L1
EXT_L2;P11/AL2;DEUTSCH DT12;12;C;Fabryczny klucz C;EXT_L2
BAT;EXT/P01;MSTB 5.08 >=12A black;2;;Polaryzacja korpusu / liczba pozycji;BAT
