module;ref;part;pin;net
P04;Q10;2N7002 SOT23;1;Q10_GATE
P04;Q10;2N7002 SOT23;2;GND
P04;Q10;2N7002 SOT23;3;SAFE_N
P04;Q8;2N7002 SOT23;1;Q8_GATE
P04;Q8;2N7002 SOT23;2;GND
P04;Q8;2N7002 SOT23;3;SAFE_N
P04;Q9;2N7002 SOT23;1;Q9_GATE
P04;Q9;2N7002 SOT23;2;GND
P04;Q9;2N7002 SOT23;3;SAFE_N
P05;U1;AD7606BSTZ LQFP64;1;5VA_P05
P05;U1;AD7606BSTZ LQFP64;2;GND
P05;U1;AD7606BSTZ LQFP64;3;3V3_IO
P05;U1;AD7606BSTZ LQFP64;4;3V3_IO
P05;U1;AD7606BSTZ LQFP64;5;3V3_IO
P05;U1;AD7606BSTZ LQFP64;6;3V3_IO
P05;U1;AD7606BSTZ LQFP64;7;3V3_IO
P05;U1;AD7606BSTZ LQFP64;8;3V3_IO
P05;U1;AD7606BSTZ LQFP64;9;ADC_CONVST_P05
P05;U1;AD7606BSTZ LQFP64;10;3V3_IO
P05;U1;AD7606BSTZ LQFP64;11;ADC_RESET_P05
P05;U1;AD7606BSTZ LQFP64;12;ADC_SCLK_P05
P05;U1;AD7606BSTZ LQFP64;13;ADC_CS_P05
P05;U1;AD7606BSTZ LQFP64;14;ADC_BUSY
P05;U1;AD7606BSTZ LQFP64;15;NC
P05;U1;AD7606BSTZ LQFP64;16;GND
P05;U1;AD7606BSTZ LQFP64;17;GND
P05;U1;AD7606BSTZ LQFP64;18;GND
P05;U1;AD7606BSTZ LQFP64;19;GND
P05;U1;AD7606BSTZ LQFP64;20;GND
P05;U1;AD7606BSTZ LQFP64;21;GND
P05;U1;AD7606BSTZ LQFP64;22;GND
P05;U1;AD7606BSTZ LQFP64;23;3V3_IO
P05;U1;AD7606BSTZ LQFP64;24;AD_DOUT_LOCAL
P05;U1;AD7606BSTZ LQFP64;25;NC
P05;U1;AD7606BSTZ LQFP64;26;GND
P05;U1;AD7606BSTZ LQFP64;27;NC
P05;U1;AD7606BSTZ LQFP64;28;NC
P05;U1;AD7606BSTZ LQFP64;29;ADC_SDI_P05
P05;U1;AD7606BSTZ LQFP64;30;GND
P05;U1;AD7606BSTZ LQFP64;31;GND
P05;U1;AD7606BSTZ LQFP64;32;GND
P05;U1;AD7606BSTZ LQFP64;33;GND
P05;U1;AD7606BSTZ LQFP64;34;3V3_IO
P05;U1;AD7606BSTZ LQFP64;35;GND
P05;U1;AD7606BSTZ LQFP64;36;REGCAP_A
P05;U1;AD7606BSTZ LQFP64;37;5VA_P05
P05;U1;AD7606BSTZ LQFP64;38;5VA_P05
P05;U1;AD7606BSTZ LQFP64;39;REGCAP_D
P05;U1;AD7606BSTZ LQFP64;40;GND
P05;U1;AD7606BSTZ LQFP64;41;GND
P05;U1;AD7606BSTZ LQFP64;42;ADC_REF
P05;U1;AD7606BSTZ LQFP64;43;GND
P05;U1;AD7606BSTZ LQFP64;44;REFCAP
P05;U1;AD7606BSTZ LQFP64;45;REFCAP
P05;U1;AD7606BSTZ LQFP64;46;GND
P05;U1;AD7606BSTZ LQFP64;47;GND
P05;U1;AD7606BSTZ LQFP64;48;5VA_P05
P05;U1;AD7606BSTZ LQFP64;49;ADC_CH1
P05;U1;AD7606BSTZ LQFP64;50;GND
P05;U1;AD7606BSTZ LQFP64;51;ADC_CH2
P05;U1;AD7606BSTZ LQFP64;52;GND
P05;U1;AD7606BSTZ LQFP64;53;ADC_CH3
P05;U1;AD7606BSTZ LQFP64;54;GND
P05;U1;AD7606BSTZ LQFP64;55;ADC_CH4
P05;U1;AD7606BSTZ LQFP64;56;GND
P05;U1;AD7606BSTZ LQFP64;57;ADC_CH5
P05;U1;AD7606BSTZ LQFP64;58;GND
P05;U1;AD7606BSTZ LQFP64;59;ADC_CH6
P05;U1;AD7606BSTZ LQFP64;60;GND
P05;U1;AD7606BSTZ LQFP64;61;ADC_CH7
P05;U1;AD7606BSTZ LQFP64;62;GND
P05;U1;AD7606BSTZ LQFP64;63;ADC_CH8
P05;U1;AD7606BSTZ LQFP64;64;GND
P04;U10;SN74HC08N;1;HW_ARMED
P04;U10;SN74HC08N;2;MCU_ARM_P04
P04;U10;SN74HC08N;3;ARM_BOTH
P04;U10;SN74HC08N;4;ARM_BOTH
P04;U10;SN74HC08N;5;INTERLOCK
P04;U10;SN74HC08N;6;MOTOR_PERMIT
P04;U10;SN74HC08N;7;GND
P04;U10;SN74HC08N;8;PWM_OUT
P04;U10;SN74HC08N;9;PWM_P04
P04;U10;SN74HC08N;10;MOTOR_PERMIT
P04;U10;SN74HC08N;11;SENSOR_KEY
P04;U10;SN74HC08N;12;SENSOR_ENABLE_P04
P04;U10;SN74HC08N;13;TEST_KEY
P04;U10;SN74HC08N;14;3V3_IO
P08;U11;TPS2553DBVR;1;5V_SYS
P08;U11;TPS2553DBVR;2;GND
P08;U11;TPS2553DBVR;3;SENSOR_LOCAL
P08;U11;TPS2553DBVR;4;SENSOR_FAULT_N
P08;U11;TPS2553DBVR;5;ILIM_232K
P08;U11;TPS2553DBVR;6;SENSOR_LIMITED
P04;U12;SN74HC08N;1;SENSOR_KEY
P04;U12;SN74HC08N;2;INTERLOCK
P04;U12;SN74HC08N;3;SENSOR_INTERLOCK
P04;U12;SN74HC08N;4;SENSOR_INTERLOCK
P04;U12;SN74HC08N;5;SAFE_N
P04;U12;SN74HC08N;6;SENSOR_PERMIT
P04;U12;SN74HC08N;7;GND
P04;U12;SN74HC08N;8;NC
P04;U12;SN74HC08N;9;GND
P04;U12;SN74HC08N;10;GND
P04;U12;SN74HC08N;11;NC
P04;U12;SN74HC08N;12;GND
P04;U12;SN74HC08N;13;GND
P04;U12;SN74HC08N;14;3V3_IO
P05;U13;ADR4525BRZ;1;NC
P05;U13;ADR4525BRZ;2;5V_SYS
P05;U13;ADR4525BRZ;3;NC
P05;U13;ADR4525BRZ;4;GND
P05;U13;ADR4525BRZ;5;NC
P05;U13;ADR4525BRZ;6;REF_2V5
P05;U13;ADR4525BRZ;7;NC
P05;U13;ADR4525BRZ;8;NC
P10;U16;TCAN1051VDRQ1;1;CAN_TX_P10
P10;U16;TCAN1051VDRQ1;2;GND
P10;U16;TCAN1051VDRQ1;3;5V_SYS
P10;U16;TCAN1051VDRQ1;4;CAN_RX
P10;U16;TCAN1051VDRQ1;5;3V3_IO
P10;U16;TCAN1051VDRQ1;6;CAN_L
P10;U16;TCAN1051VDRQ1;7;CAN_H
P10;U16;TCAN1051VDRQ1;8;3V3_IO
P03;U17;MCP23017-E/SP;1;TEST_KEY_CORE
P03;U17;MCP23017-E/SP;2;SENSOR_FAULT_N_CORE
P03;U17;MCP23017-E/SP;3;ENA_DIAG_CORE
P03;U17;MCP23017-E/SP;4;ENB_DIAG_CORE
P03;U17;MCP23017-E/SP;5;LOGGER_CLEAR_CORE
P03;U17;MCP23017-E/SP;6;TEST_PRESENT_CORE
P03;U17;MCP23017-E/SP;7;MARK
P03;U17;MCP23017-E/SP;8;NC
P03;U17;MCP23017-E/SP;9;3V3_CORE
P03;U17;MCP23017-E/SP;10;GND
P03;U17;MCP23017-E/SP;11;NC
P03;U17;MCP23017-E/SP;12;I2C_SCL
P03;U17;MCP23017-E/SP;13;I2C_SDA
P03;U17;MCP23017-E/SP;14;NC
P03;U17;MCP23017-E/SP;15;GND
P03;U17;MCP23017-E/SP;16;GND
P03;U17;MCP23017-E/SP;17;GND
P03;U17;MCP23017-E/SP;18;SUP_N
P03;U17;MCP23017-E/SP;19;NC
P03;U17;MCP23017-E/SP;20;NC
P03;U17;MCP23017-E/SP;21;ADC_RESET_SRC
P03;U17;MCP23017-E/SP;22;MEAS_EN_SRC
P03;U17;MCP23017-E/SP;23;MEAS_BANK
P03;U17;MCP23017-E/SP;24;SENSOR_ENABLE
P03;U17;MCP23017-E/SP;25;LOGGER_CURRENT_OK_CORE
P03;U17;MCP23017-E/SP;26;MOTOR_INA
P03;U17;MCP23017-E/SP;27;MOTOR_INB
P03;U17;MCP23017-E/SP;28;STATUS_LED
P05;U18;TBD62083APG;1;MEAS_EN_P05
P05;U18;TBD62083APG;2;GND
P05;U18;TBD62083APG;3;GND
P05;U18;TBD62083APG;4;GND
P05;U18;TBD62083APG;5;GND
P05;U18;TBD62083APG;6;GND
P05;U18;TBD62083APG;7;GND
P05;U18;TBD62083APG;8;GND
P05;U18;TBD62083APG;11;NC
P05;U18;TBD62083APG;12;NC
P05;U18;TBD62083APG;13;NC
P05;U18;TBD62083APG;14;NC
P05;U18;TBD62083APG;15;NC
P05;U18;TBD62083APG;16;NC
P05;U18;TBD62083APG;17;NC
P05;U18;TBD62083APG;18;MEAS_COIL_LOW
P05;U18;TBD62083APG;9;GND
P05;U18;TBD62083APG;10;NC
P07;U2;INA240A2EDRQ1 SOIC;1;INA_T_MINUS
P07;U2;INA240A2EDRQ1 SOIC;2;GND
P07;U2;INA240A2EDRQ1 SOIC;3;P07_REF_BUF
P07;U2;INA240A2EDRQ1 SOIC;4;NC
P07;U2;INA240A2EDRQ1 SOIC;5;I_T_OUT
P07;U2;INA240A2EDRQ1 SOIC;6;5VA_P07
P07;U2;INA240A2EDRQ1 SOIC;7;P07_REF_BUF
P07;U2;INA240A2EDRQ1 SOIC;8;INA_T_PLUS
P06;U3;INA240A2EDRQ1 SOIC;1;INA_L_MINUS
P06;U3;INA240A2EDRQ1 SOIC;2;GND
P06;U3;INA240A2EDRQ1 SOIC;3;P06_REF_BUF
P06;U3;INA240A2EDRQ1 SOIC;4;NC
P06;U3;INA240A2EDRQ1 SOIC;5;I_L_OUT
P06;U3;INA240A2EDRQ1 SOIC;6;5VA_P06
P06;U3;INA240A2EDRQ1 SOIC;7;P06_REF_BUF
P06;U3;INA240A2EDRQ1 SOIC;8;INA_L_PLUS
P07;U4;TLV1702QDGKRQ1;1;OC_LOCAL_N
P07;U4;TLV1702QDGKRQ1;2;OC_LOW
P07;U4;TLV1702QDGKRQ1;3;I_FILT
P07;U4;TLV1702QDGKRQ1;4;GND
P07;U4;TLV1702QDGKRQ1;5;OC_HIGH
P07;U4;TLV1702QDGKRQ1;6;I_FILT
P07;U4;TLV1702QDGKRQ1;7;OC_LOCAL_N
P07;U4;TLV1702QDGKRQ1;8;5VA_P07
P05;U6;TLV1702QDGKRQ1;1;DAQ_RAIL_N
P05;U6;TLV1702QDGKRQ1;2;RAIL_LOW
P05;U6;TLV1702QDGKRQ1;3;RAIL_SENSE
P05;U6;TLV1702QDGKRQ1;4;GND
P05;U6;TLV1702QDGKRQ1;5;RAIL_HIGH
P05;U6;TLV1702QDGKRQ1;6;RAIL_SENSE
P05;U6;TLV1702QDGKRQ1;7;DAQ_RAIL_N
P05;U6;TLV1702QDGKRQ1;8;5V_SYS
P04;U7;CD74HC123E;1;GND
P04;U7;CD74HC123E;2;HEARTBEAT_P04
P04;U7;CD74HC123E;3;SUP_N_P04
P04;U7;CD74HC123E;4;NC
P04;U7;CD74HC123E;5;NC
P04;U7;CD74HC123E;6;NC
P04;U7;CD74HC123E;7;NC
P04;U7;CD74HC123E;8;GND
P04;U7;CD74HC123E;9;GND
P04;U7;CD74HC123E;10;GND
P04;U7;CD74HC123E;11;GND
P04;U7;CD74HC123E;12;NC
P04;U7;CD74HC123E;13;WD_Q
P04;U7;CD74HC123E;14;WD_C
P04;U7;CD74HC123E;15;WD_RC
P04;U7;CD74HC123E;16;3V3_IO
P04;U8;SN74HC14N;1;WD_Q
P04;U8;SN74HC14N;2;Q8_GATE
P04;U8;SN74HC14N;3;ARM_BUTTON_N
P04;U8;SN74HC14N;4;ARM_CLK
P04;U8;SN74HC14N;5;SUP_N_P04
P04;U8;SN74HC14N;6;Q9_GATE
P04;U8;SN74HC14N;7;GND
P04;U8;SN74HC14N;8;Q10_GATE
P04;U8;SN74HC14N;9;INTERLOCK
P04;U8;SN74HC14N;10;NC
P04;U8;SN74HC14N;11;GND
P04;U8;SN74HC14N;12;NC
P04;U8;SN74HC14N;13;GND
P04;U8;SN74HC14N;14;3V3_IO
P04;U9;SN74HC74N;1;SAFE_N
P04;U9;SN74HC74N;2;3V3_IO
P04;U9;SN74HC74N;3;ARM_CLK
P04;U9;SN74HC74N;4;3V3_IO
P04;U9;SN74HC74N;5;HW_ARMED
P04;U9;SN74HC74N;6;NC
P04;U9;SN74HC74N;7;GND
P04;U9;SN74HC74N;8;NC
P04;U9;SN74HC74N;9;NC
P04;U9;SN74HC74N;10;3V3_IO
P04;U9;SN74HC74N;11;GND
P04;U9;SN74HC74N;12;GND
P04;U9;SN74HC74N;13;GND
P04;U9;SN74HC74N;14;3V3_IO
P05;R_FILT;1R 0.5W;1;5V_SYS
P05;R_FILT;1R 0.5W;2;5VA_P05
P05;C_A;470uF 10V;1;5VA_P05
P05;C_A;470uF 10V;2;GND
P07;C_BULK;1000uF 50V;1;VMOTOR
P07;C_BULK;1000uF 50V;2;GND
P07;R_BLEED;2.2k 0.5W;1;VMOTOR
P07;R_BLEED;2.2k 0.5W;2;GND
P07;R_PWM;330R;1;PWM_LOCAL
P07;R_PWM;330R;2;PWM_DRV
P07;R_PWM_PD;47k;1;PWM_DRV
P07;R_PWM_PD;47k;2;GND
P07;R_INA;330R;1;MOTOR_INA_P07
P07;R_INA;330R;2;INA_DRV
P07;R_INA_PD;47k;1;INA_DRV
P07;R_INA_PD;47k;2;GND
P07;R_INB;330R;1;MOTOR_INB_P07
P07;R_INB;330R;2;INB_DRV
P07;R_INB_PD;47k;1;INB_DRV
P07;R_INB_PD;47k;2;GND
P07;RC1;10R 0.1%;1;TEST_K1
P07;RC1;10R 0.1%;2;INA_T_PLUS
P07;RC2;10R 0.1%;1;TEST_K2
P07;RC2;10R 0.1%;2;INA_T_MINUS
P06;RC3;10R 0.1%;1;LOGGER_K1
P06;RC3;10R 0.1%;2;INA_L_PLUS
P06;RC4;10R 0.1%;1;LOGGER_K2
P06;RC4;10R 0.1%;2;INA_L_MINUS
P07;RO1;100R;1;I_T_OUT
P07;RO1;100R;2;I_TEST_SER
P06;RO2;100R;1;I_L_OUT
P06;RO2;100R;2;I_LOG_SER
P05;CI_ADC;1nF;1;ADC_CH6
P05;CI_ADC;1nF;2;GND
P08;R_ILIM;232k 1%;1;ILIM_232K
P08;R_ILIM;232k 1%;2;GND
P08;C_SIN;1uF;1;5V_SYS
P08;C_SIN;1uF;2;GND
P08;C_SOUT;1uF;1;SENSOR_LIMITED
P08;C_SOUT;1uF;2;GND
P05;CF1;220pF C0G;1;ADC_CH1
P05;CF1;220pF C0G;2;GND
P05;RB1;100k 0.1%;1;ADC_CH1
P05;RB1;100k 0.1%;2;GND
P05;CF2;220pF C0G;1;ADC_CH2
P05;CF2;220pF C0G;2;GND
P05;RB2;100k 0.1%;1;ADC_CH2
P05;RB2;100k 0.1%;2;GND
P05;CF3;220pF C0G;1;ADC_CH3
P05;CF3;220pF C0G;2;GND
P05;CF4;220pF C0G;1;ADC_CH4
P05;CF4;220pF C0G;2;GND
P05;CF5;220pF C0G;1;ADC_CH5
P05;CF5;220pF C0G;2;GND
P05;RV1;249k 0.1%;1;VPROT
P05;RV1;249k 0.1%;2;VBAT_MID
P05;RV2;249k 0.1%;1;VBAT_MID
P05;RV2;249k 0.1%;2;ADC_CH7
P05;RB3;100k 0.1%;1;ADC_CH7
P05;RB3;100k 0.1%;2;GND
P05;CF6;220pF;1;ADC_CH7
P05;CF6;220pF;2;GND
P05;RA1;150k;1;N_RA1_1
P05;RA1;150k;2;AUX_HI_MID
P05;RA2;150k;1;AUX_HI_MID
P05;RA2;150k;2;ADC_CH8
P05;RA3;49.9k;1;N_RA3_1
P05;RA3;49.9k;2;AUX_LO_MID
P05;RA4;49.9k;1;AUX_LO_MID
P05;RA4;49.9k;2;ADC_CH8
P05;RB4;100k 0.1%;1;ADC_CH8
P05;RB4;100k 0.1%;2;N_JP_AUX_COM_B
P05;CF7;220pF;1;ADC_CH8
P05;CF7;220pF;2;GND
P04;R_PD_TEST_KEY;10k;1;TEST_KEY
P04;R_PD_TEST_KEY;10k;2;GND
P04;R_PD_INTERLOCK;10k;1;MECH_OK
P04;R_PD_INTERLOCK;10k;2;GND
P03;R_PD_LOGGER_CLEAR;10k;1;LOGGER_CLEAR
P03;R_PD_LOGGER_CLEAR;10k;2;GND
P03;R_PD_TEST_PRESENT;10k;1;TEST_PRESENT
P03;R_PD_TEST_PRESENT;10k;2;GND
P04;R_SAFE_PU;10k;1;STOP_NC_OUT
P04;R_SAFE_PU;10k;2;SAFE_N
P04;R_SAFE_PD;100k;1;SAFE_N
P04;R_SAFE_PD;100k;2;GND
P04;R_WD;220k;1;3V3_IO
P04;R_WD;220k;2;WD_RC
P04;C_WD;1uF niepolarny;1;WD_RC
P04;C_WD;1uF niepolarny;2;WD_C
P04;R_ARM_PU;10k;1;3V3_IO
P04;R_ARM_PU;10k;2;ARM_BUTTON_N
P04;C_ARM;100nF;1;ARM_BUTTON_N
P04;C_ARM;100nF;2;GND
P04;R_ARM_SER;100R;1;ARM_BUTTON_N
P04;R_ARM_SER;100R;2;ARM_CONTACT
P04;R_MCU_PD;47k;1;MCU_ARM_P04
P04;R_MCU_PD;47k;2;GND
P03;R_HW_PD;10k;1;HW_ARMED
P03;R_HW_PD;10k;2;GND
P04;R_HEART_PD;47k;1;HEARTBEAT_P04
P04;R_HEART_PD;47k;2;GND
P04;Q8_PD;100k;1;Q8_GATE
P04;Q8_PD;100k;2;GND
P04;Q9_PD;100k;1;Q9_GATE
P04;Q9_PD;100k;2;GND
P04;Q10_PD;100k;1;Q10_GATE
P04;Q10_PD;100k;2;GND
P05;R_RAIL_T;15k 0.1%;1;5VA_P05
P05;R_RAIL_T;15k 0.1%;2;RAIL_SENSE
P05;R_RAIL_B;10k 0.1%;1;RAIL_SENSE
P05;R_RAIL_B;10k 0.1%;2;GND
P05;R_RAIL_LT;6k 0.1%;1;REF_2V5
P05;R_RAIL_LT;6k 0.1%;2;RAIL_LOW
P05;R_RAIL_LB;19k 0.1%;1;RAIL_LOW
P05;R_RAIL_LB;19k 0.1%;2;GND
P05;R_RAIL_HT;4k 0.1%;1;REF_2V5
P05;R_RAIL_HT;4k 0.1%;2;RAIL_HIGH
P05;R_RAIL_HB;21k 0.1%;1;RAIL_HIGH
P05;R_RAIL_HB;21k 0.1%;2;GND
P07;R_IFILT;1k;1;I_T_OUT
P07;R_IFILT;1k;2;I_FILT
P07;C_IFILT;1nF;1;I_FILT
P07;C_IFILT;1nF;2;GND
P07;C_OC_LOW;10nF;1;OC_LOW
P07;C_OC_LOW;10nF;2;GND
P07;C_OC_HIGH;10nF;1;OC_HIGH
P07;C_OC_HIGH;10nF;2;GND
P05;C_RAIL_LOW;10nF;1;RAIL_LOW
P05;C_RAIL_LOW;10nF;2;GND
P05;C_RAIL_HIGH;10nF;1;RAIL_HIGH
P05;C_RAIL_HIGH;10nF;2;GND
P05;C_REF_IN;1uF;1;5V_SYS
P05;C_REF_IN;1uF;2;GND
P05;C_REF_OUT;1uF;1;REF_2V5
P05;C_REF_OUT;1uF;2;GND
P05;R_DEFAULT_MEAS_EN;100k;1;MEAS_EN_P05
P05;R_DEFAULT_MEAS_EN;100k;2;GND
P08;R_DEFAULT_SENSOR_PERMIT;100k;1;SENSOR_PERMIT_P08
P08;R_DEFAULT_SENSOR_PERMIT;100k;2;GND
P07;R_DEFAULT_MOTOR_PERMIT;100k;1;MOTOR_PERMIT_P07
P07;R_DEFAULT_MOTOR_PERMIT;100k;2;GND
P04;R_DEFAULT_SENSOR_ENABLE;100k;1;SENSOR_ENABLE_P04
P04;R_DEFAULT_SENSOR_ENABLE;100k;2;GND
P07;R_DEFAULT_MOTOR_INA;100k;1;MOTOR_INA_P07
P07;R_DEFAULT_MOTOR_INA;100k;2;GND
P07;R_DEFAULT_MOTOR_INB;100k;1;MOTOR_INB_P07
P07;R_DEFAULT_MOTOR_INB;100k;2;GND
P05;R_PU_ADC_CS;10k;1;3V3_IO
P05;R_PU_ADC_CS;10k;2;ADC_CS_P05
P03;R_PU_SD_CS;10k;1;3V3_CORE
P03;R_PU_SD_CS;10k;2;SD_CS
P09;R_PU_TC1_CS;10k;1;3V3_IO
P09;R_PU_TC1_CS;10k;2;TC1_CS_P09
P09;R_PU_TC2_CS;10k;1;3V3_IO
P09;R_PU_TC2_CS;10k;2;TC2_CS_P09
P03;R_PU_SENSOR_FAULT_N;10k;1;3V3_CORE
P03;R_PU_SENSOR_FAULT_N;10k;2;SENSOR_FAULT_N
P03;R_PU_I2C_SDA;4.7k;1;3V3_CORE
P03;R_PU_I2C_SDA;4.7k;2;I2C_SDA
P03;R_PU_I2C_SCL;4.7k;1;3V3_CORE
P03;R_PU_I2C_SCL;4.7k;2;I2C_SCL
P05;C_REGCAP_A;1uF;1;REGCAP_A
P05;C_REGCAP_A;1uF;2;GND
P05;C_REGCAP_D;1uF;1;REGCAP_D
P05;C_REGCAP_D;1uF;2;GND
P05;C_ADC_REF;100nF;1;ADC_REF
P05;C_ADC_REF;100nF;2;GND
P05;C_REFCAP;10uF ceramic;1;REFCAP
P05;C_REFCAP;10uF ceramic;2;GND
P03;R_SCOPE;330R;1;SCOPE_TRIG
P03;R_SCOPE;330R;2;N_J_SCOPE_HOT
P03;R_MARK;10k;1;3V3_CORE
P03;R_MARK;10k;2;MARK
P03;C_MARK;100nF;1;MARK
P03;C_MARK;100nF;2;GND
P04;C_DEC_U7_16;100nF X7R;1;3V3_IO
P04;C_DEC_U7_16;100nF X7R;2;GND
P04;C_DEC_U8_14;100nF X7R;1;3V3_IO
P04;C_DEC_U8_14;100nF X7R;2;GND
P04;C_DEC_U9_14;100nF X7R;1;3V3_IO
P04;C_DEC_U9_14;100nF X7R;2;GND
P04;C_DEC_U10_14;100nF X7R;1;3V3_IO
P04;C_DEC_U10_14;100nF X7R;2;GND
P04;C_DEC_U12_14;100nF X7R;1;3V3_IO
P04;C_DEC_U12_14;100nF X7R;2;GND
P07;C_DEC_U4_8;100nF X7R;1;5VA_P07
P07;C_DEC_U4_8;100nF X7R;2;GND
P05;C_DEC_U6_8;100nF X7R;1;5V_SYS
P05;C_DEC_U6_8;100nF X7R;2;GND
P05;C_DEC_U13_2;100nF X7R;1;5V_SYS
P05;C_DEC_U13_2;100nF X7R;2;GND
P07;C_DEC_U2_6;100nF X7R;1;5VA_P07
P07;C_DEC_U2_6;100nF X7R;2;GND
P06;C_DEC_U3_6;100nF X7R;1;5VA_P06
P06;C_DEC_U3_6;100nF X7R;2;GND
P03;C_DEC_U17_9;100nF X7R;1;3V3_CORE
P03;C_DEC_U17_9;100nF X7R;2;GND
P05;C_DEC_U1_1;100nF X7R;1;5VA_P05
P05;C_DEC_U1_1;100nF X7R;2;GND
P05;C_DEC_U1_23;100nF X7R;1;3V3_IO
P05;C_DEC_U1_23;100nF X7R;2;GND
P05;C_DEC_U1_37;100nF X7R;1;5VA_P05
P05;C_DEC_U1_37;100nF X7R;2;GND
P05;C_DEC_U1_38;100nF X7R;1;5VA_P05
P05;C_DEC_U1_38;100nF X7R;2;GND
P05;C_DEC_U1_48;100nF X7R;1;5VA_P05
P05;C_DEC_U1_48;100nF X7R;2;GND
P10;C_DEC_U16_3;100nF X7R;1;5V_SYS
P10;C_DEC_U16_3;100nF X7R;2;GND
AT;RM1;150k 0.1% 1206;1;T_EGR_P1
AT;RM1;150k 0.1% 1206;2;T_P1_R_MID
AT;RM2;150k 0.1% 1206;1;T_P1_R_MID
AT;RM2;150k 0.1% 1206;2;TAP_P1
AT;RM3;150k 0.1% 1206;1;T_EGR_P3
AT;RM3;150k 0.1% 1206;2;T_P3_R_MID
AT;RM4;150k 0.1% 1206;1;T_P3_R_MID
AT;RM4;150k 0.1% 1206;2;TAP_P3
AT;RS1;49.9k 0.1% 1206;1;T_EGR_P4
AT;RS1;49.9k 0.1% 1206;2;T_P4_R_MID
AT;RS2;49.9k 0.1% 1206;1;T_P4_R_MID
AT;RS2;49.9k 0.1% 1206;2;TAP_P4
AT;RS3;49.9k 0.1% 1206;1;T_EGR_P5
AT;RS3;49.9k 0.1% 1206;2;T_P5_R_MID
AT;RS4;49.9k 0.1% 1206;1;T_P5_R_MID
AT;RS4;49.9k 0.1% 1206;2;TAP_P5
AT;RS5;49.9k 0.1% 1206;1;T_EGR_P6
AT;RS5;49.9k 0.1% 1206;2;T_P6_R_MID
AT;RS6;49.9k 0.1% 1206;1;T_P6_R_MID
AT;RS6;49.9k 0.1% 1206;2;TAP_P6
AL1;RM5;150k 0.1% 1206;1;EGR_P1
AL1;RM5;150k 0.1% 1206;2;L1_P1_R_MID
AL1;RM6;150k 0.1% 1206;1;L1_P1_R_MID
AL1;RM6;150k 0.1% 1206;2;TAP_P1
AL1;RM7;150k 0.1% 1206;1;ECU_P3
AL1;RM7;150k 0.1% 1206;2;L1_P3_R_MID
AL1;RM8;150k 0.1% 1206;1;L1_P3_R_MID
AL1;RM8;150k 0.1% 1206;2;TAP_P3
AL1;RS7;49.9k 0.1% 1206;1;ECU_P4
AL1;RS7;49.9k 0.1% 1206;2;L1_P4_R_MID
AL1;RS8;49.9k 0.1% 1206;1;L1_P4_R_MID
AL1;RS8;49.9k 0.1% 1206;2;TAP_P4
AL1;RS9;49.9k 0.1% 1206;1;ECU_P5
AL1;RS9;49.9k 0.1% 1206;2;L1_P5_R_MID
AL1;RS10;49.9k 0.1% 1206;1;L1_P5_R_MID
AL1;RS10;49.9k 0.1% 1206;2;TAP_P5
AL1;RS11;49.9k 0.1% 1206;1;ECU_P6
AL1;RS11;49.9k 0.1% 1206;2;L1_P6_R_MID
AL1;RS12;49.9k 0.1% 1206;1;L1_P6_R_MID
AL1;RS12;49.9k 0.1% 1206;2;TAP_P6
AL2;RM9;150k 0.1% 1206;1;L2_EGR_P1
AL2;RM9;150k 0.1% 1206;2;L2_P1_R_MID
AL2;RM10;150k 0.1% 1206;1;L2_P1_R_MID
AL2;RM10;150k 0.1% 1206;2;TAP_P1
AL2;RM11;150k 0.1% 1206;1;L2_EGR_P3
AL2;RM11;150k 0.1% 1206;2;L2_P3_R_MID
AL2;RM12;150k 0.1% 1206;1;L2_P3_R_MID
AL2;RM12;150k 0.1% 1206;2;TAP_P3
AL2;RS13;49.9k 0.1% 1206;1;L2_EGR_P4
AL2;RS13;49.9k 0.1% 1206;2;L2_P4_R_MID
AL2;RS14;49.9k 0.1% 1206;1;L2_P4_R_MID
AL2;RS14;49.9k 0.1% 1206;2;TAP_P4
AL2;RS15;49.9k 0.1% 1206;1;L2_EGR_P5
AL2;RS15;49.9k 0.1% 1206;2;L2_P5_R_MID
AL2;RS16;49.9k 0.1% 1206;1;L2_P5_R_MID
AL2;RS16;49.9k 0.1% 1206;2;TAP_P5
AL2;RS17;49.9k 0.1% 1206;1;L2_EGR_P6
AL2;RS17;49.9k 0.1% 1206;2;L2_P6_R_MID
AL2;RS18;49.9k 0.1% 1206;1;L2_P6_R_MID
AL2;RS18;49.9k 0.1% 1206;2;TAP_P6
EXT;F1;5 A;IN;N_F1_IN
EXT;F1;5 A;OUT;BAT_FUSED
P02;F2;1 A;IN;VPROT
P02;F2;1 A;OUT;VIN_DC5
P02;F3;1 A;IN;VPROT
P02;F3;1 A;OUT;VIN_DC33
P07;F4;5 A;IN;VPROT
P07;F4;5 A;OUT;N_KPWR_30
P07;D2;SMCJ18A;A;GND
P07;D2;SMCJ18A;K;VMOTOR
P05;D4;1N4148;A;MEAS_COIL_LOW
P05;D4;1N4148;K;5V_SYS
P05;D5;1N4148;A;MEAS_COIL_LOW
P05;D5;1N4148;K;5V_SYS
P05;D6;1N4148;A;MEAS_COIL_LOW
P05;D6;1N4148;K;5V_SYS
P08;D8;1N4148;A;SENSOR_COIL_LOW
P08;D8;1N4148;K;5V_SYS
P07;D11;1N4007;A;PWR_COIL_LOW
P07;D11;1N4007;K;N_D12_K
P07;D12;Zener 18 V / >=1 W;A;VPROT
P07;D12;Zener 18 V / >=1 W;K;N_D12_K
P10;D3;PESD2CAN / SOT-23;1;CAN_H
P10;D3;PESD2CAN / SOT-23;2;CAN_L
P10;D3;PESD2CAN / SOT-23;3;GND
P02;M3;TSR 2-2450;VIN;VIN_DC5
P02;M3;TSR 2-2450;GND;GND
P02;M3;TSR 2-2450;VOUT;5V_SYS
P02;M4;TSR 2-2433;VIN;VIN_DC33
P02;M4;TSR 2-2433;GND;GND
P02;M4;TSR 2-2433;VOUT;3V3_IO
P07;M2;Pololu 1451 / VNH5019;VIN;VMOTOR
P07;M2;Pololu 1451 / VNH5019;GND;GND
P07;M2;Pololu 1451 / VNH5019;VDD;LOCAL_PERMIT
P07;M2;Pololu 1451 / VNH5019;PWM;PWM_DRV
P07;M2;Pololu 1451 / VNH5019;INA;INA_DRV
P07;M2;Pololu 1451 / VNH5019;INB;INB_DRV
P07;M2;Pololu 1451 / VNH5019;ENA;ENA_DIAG
P07;M2;Pololu 1451 / VNH5019;ENB;ENB_DIAG
P07;M2;Pololu 1451 / VNH5019;OUTA;HBR_OUT_A
P07;M2;Pololu 1451 / VNH5019;OUTB;T_EGR_P3
P07;M2;Pololu 1451 / VNH5019;CS;NC
P03;M1;Waveshare ESP32-S3 N32R16V;5V;5V_SYS
P03;M1;Waveshare ESP32-S3 N32R16V;GND;GND
P03;M1;Waveshare ESP32-S3 N32R16V;1;PWM
P03;M1;Waveshare ESP32-S3 N32R16V;2;ADC_SDI_SRC
P03;M1;Waveshare ESP32-S3 N32R16V;38;CURRENT_CS_N
P03;M1;Waveshare ESP32-S3 N32R16V;4;SPI3_SCLK_SRC
P03;M1;Waveshare ESP32-S3 N32R16V;5;SPI3_MOSI_SRC
P03;M1;Waveshare ESP32-S3 N32R16V;6;SPI3_MISO_CORE
P03;M1;Waveshare ESP32-S3 N32R16V;7;SD_CS
P03;M1;Waveshare ESP32-S3 N32R16V;8;TC1_CS_SRC
P03;M1;Waveshare ESP32-S3 N32R16V;16;TC2_CS_SRC
P03;M1;Waveshare ESP32-S3 N32R16V;9;ADC_SCLK_SRC
P03;M1;Waveshare ESP32-S3 N32R16V;11;ADC_DOUTA_CORE
P03;M1;Waveshare ESP32-S3 N32R16V;12;ADC_CS_SRC
P03;M1;Waveshare ESP32-S3 N32R16V;13;ADC_CONVST_SRC
P03;M1;Waveshare ESP32-S3 N32R16V;14;ADC_BUSY_CORE
P03;M1;Waveshare ESP32-S3 N32R16V;10;I2C_SDA
P03;M1;Waveshare ESP32-S3 N32R16V;15;I2C_SCL
P03;M1;Waveshare ESP32-S3 N32R16V;17;CAN_TX
P03;M1;Waveshare ESP32-S3 N32R16V;18;CAN_RX_CORE
P03;M1;Waveshare ESP32-S3 N32R16V;21;HEARTBEAT
P03;M1;Waveshare ESP32-S3 N32R16V;39;MCU_ARM
P03;M1;Waveshare ESP32-S3 N32R16V;40;HW_ARMED_CORE
P03;M1;Waveshare ESP32-S3 N32R16V;41;SCOPE_TRIG
P03;M1;Waveshare ESP32-S3 N32R16V;42;INTERLOCK_CORE
P03;M1;Waveshare ESP32-S3 N32R16V;3V3;3V3_CORE
P07;RSH_T;5 mΩ / 2 W / Kelvin;P1;HBR_OUT_A
P07;RSH_T;5 mΩ / 2 W / Kelvin;P2;T_EGR_P1
P07;RSH_T;5 mΩ / 2 W / Kelvin;K1;TEST_K1
P07;RSH_T;5 mΩ / 2 W / Kelvin;K2;TEST_K2
P06;RSH_L;5 mΩ / 2 W / Kelvin;P1;ECU_P1
P06;RSH_L;5 mΩ / 2 W / Kelvin;P2;EGR_P1
P06;RSH_L;5 mΩ / 2 W / Kelvin;K1;LOGGER_K1
P06;RSH_L;5 mΩ / 2 W / Kelvin;K2;LOGGER_K2
P05;KMEAS1;G6K-2F-Y DC5;1;5V_SYS
P05;KMEAS1;G6K-2F-Y DC5;8;MEAS_COIL_LOW
P05;KMEAS1;G6K-2F-Y DC5;3;ADC_CH1
P05;KMEAS1;G6K-2F-Y DC5;2;NC
P05;KMEAS1;G6K-2F-Y DC5;4;TAP_P1
P05;KMEAS1;G6K-2F-Y DC5;6;ADC_CH2
P05;KMEAS1;G6K-2F-Y DC5;7;NC
P05;KMEAS1;G6K-2F-Y DC5;5;TAP_P3
P05;KMEAS2;G6K-2F-Y DC5;1;5V_SYS
P05;KMEAS2;G6K-2F-Y DC5;8;MEAS_COIL_LOW
P05;KMEAS2;G6K-2F-Y DC5;3;ADC_CH3
P05;KMEAS2;G6K-2F-Y DC5;2;NC
P05;KMEAS2;G6K-2F-Y DC5;4;TAP_P4
P05;KMEAS2;G6K-2F-Y DC5;6;ADC_CH4
P05;KMEAS2;G6K-2F-Y DC5;7;NC
P05;KMEAS2;G6K-2F-Y DC5;5;TAP_P5
P05;KMEAS3;G6K-2F-Y DC5;1;5V_SYS
P05;KMEAS3;G6K-2F-Y DC5;8;MEAS_COIL_LOW
P05;KMEAS3;G6K-2F-Y DC5;3;ADC_CH5
P05;KMEAS3;G6K-2F-Y DC5;2;NC
P05;KMEAS3;G6K-2F-Y DC5;4;TAP_P6
P05;KMEAS3;G6K-2F-Y DC5;6;NC
P05;KMEAS3;G6K-2F-Y DC5;7;NC
P05;KMEAS3;G6K-2F-Y DC5;5;NC
P08;KSENSOR;G6K-2F-Y DC5;1;5V_SYS
P08;KSENSOR;G6K-2F-Y DC5;8;SENSOR_COIL_LOW
P08;KSENSOR;G6K-2F-Y DC5;3;SENSOR_LIMITED
P08;KSENSOR;G6K-2F-Y DC5;2;NC
P08;KSENSOR;G6K-2F-Y DC5;4;5V_SENSOR
P08;KSENSOR;G6K-2F-Y DC5;6;GND
P08;KSENSOR;G6K-2F-Y DC5;7;NC
P08;KSENSOR;G6K-2F-Y DC5;5;AGND_SENSOR
P07;KPWR;"NO >=20 A; cewka 12 V <=150 mA";86;VPROT
P07;KPWR;"NO >=20 A; cewka 12 V <=150 mA";85;PWR_COIL_LOW
P07;KPWR;"NO >=20 A; cewka 12 V <=150 mA";30;N_KPWR_30
P07;KPWR;"NO >=20 A; cewka 12 V <=150 mA";87;VMOTOR
P11;SW_MODE;Kluczyk TEST / NO;COM;3V3_IO
P11;SW_MODE;Kluczyk TEST / NO;TEST_NO;TEST_KEY
P11;SW_LOG1;Zespol detekcji wtyku: 2 styki NC, osobna mechanika;COM_A;TEST_KEY
P11;SW_LOG1;Zespol detekcji wtyku: 2 styki NC, osobna mechanika;NC_A;ILK_L1_L2
P11;SW_LOG1;Zespol detekcji wtyku: 2 styki NC, osobna mechanika;COM_B;3V3_IO
P11;SW_LOG1;Zespol detekcji wtyku: 2 styki NC, osobna mechanika;NC_B;DIAG_L1_L2
P11;SW_LOG2;Zespol detekcji wtyku: 2 styki NC, osobna mechanika;COM_A;ILK_L1_L2
P11;SW_LOG2;Zespol detekcji wtyku: 2 styki NC, osobna mechanika;NC_A;LOOP_OUT
P11;SW_LOG2;Zespol detekcji wtyku: 2 styki NC, osobna mechanika;COM_B;DIAG_L1_L2
P11;SW_LOG2;Zespol detekcji wtyku: 2 styki NC, osobna mechanika;NC_B;LOGGER_CLEAR
P11;SW_TEST;Mikrowylacznik NO detekcji wtyku TEST + uchwyt;COM;3V3_IO
P11;SW_TEST;Mikrowylacznik NO detekcji wtyku TEST + uchwyt;NO;TEST_PRESENT
P11;SW_STOP;STOP 1NC+1NO sprzężone;COM_NC;3V3_IO
P11;SW_STOP;STOP 1NC+1NO sprzężone;NC;STOP_NC_OUT
P11;SW_STOP;STOP 1NC+1NO sprzężone;COM_NO;3V3_IO
P11;SW_STOP;STOP 1NC+1NO sprzężone;NO;STOP_PRESSED
P11;SW_ARM;ARM / chwilowy NO;COM;GND
P11;SW_ARM;ARM / chwilowy NO;NO;ARM_CONTACT
P11;SW_MARK;MARK / chwilowy NO;COM;GND
P11;SW_MARK;MARK / chwilowy NO;NO;MARK
P05;JP_AUX;DPDT HI / LO;COM_A;N_JP_AUX_COM_A
P05;JP_AUX;DPDT HI / LO;HI_A;N_RA1_1
P05;JP_AUX;DPDT HI / LO;LO_A;N_RA3_1
P05;JP_AUX;DPDT HI / LO;COM_B;N_JP_AUX_COM_B
P05;JP_AUX;DPDT HI / LO;HI_B;GND
P05;JP_AUX;DPDT HI / LO;LO_B;NC
P11;J_TEST;DEUTSCH DT04-12PA + uchwyt panelowy, styki size16;1;T_EGR_P1
P11;J_TEST;DEUTSCH DT04-12PA + uchwyt panelowy, styki size16;2;T_EGR_P3
P11;J_TEST;DEUTSCH DT04-12PA + uchwyt panelowy, styki size16;3;5V_SENSOR
P11;J_TEST;DEUTSCH DT04-12PA + uchwyt panelowy, styki size16;4;AGND_SENSOR
P11;J_TEST;DEUTSCH DT04-12PA + uchwyt panelowy, styki size16;5;TAP_P1
P11;J_TEST;DEUTSCH DT04-12PA + uchwyt panelowy, styki size16;6;TAP_P3
P11;J_TEST;DEUTSCH DT04-12PA + uchwyt panelowy, styki size16;7;TAP_P4
P11;J_TEST;DEUTSCH DT04-12PA + uchwyt panelowy, styki size16;8;TAP_P5
P11;J_TEST;DEUTSCH DT04-12PA + uchwyt panelowy, styki size16;9;TAP_P6
P11;J_TEST;DEUTSCH DT04-12PA + uchwyt panelowy, styki size16;10;LOOP_OUT
P11;J_TEST;DEUTSCH DT04-12PA + uchwyt panelowy, styki size16;11;MECH_OK
P11;J_TEST;DEUTSCH DT04-12PA + uchwyt panelowy, styki size16;12;NC
P11;J_L1;DEUTSCH DT04-12PB + uchwyt panelowy, styki size16;1;ECU_P1
P11;J_L1;DEUTSCH DT04-12PB + uchwyt panelowy, styki size16;2;EGR_P1
P11;J_L1;DEUTSCH DT04-12PB + uchwyt panelowy, styki size16;3;TAP_P1
P11;J_L1;DEUTSCH DT04-12PB + uchwyt panelowy, styki size16;4;TAP_P3
P11;J_L1;DEUTSCH DT04-12PB + uchwyt panelowy, styki size16;5;TAP_P4
P11;J_L1;DEUTSCH DT04-12PB + uchwyt panelowy, styki size16;6;TAP_P5
P11;J_L1;DEUTSCH DT04-12PB + uchwyt panelowy, styki size16;7;TAP_P6
P11;J_L1;DEUTSCH DT04-12PB + uchwyt panelowy, styki size16;8;NC
P11;J_L1;DEUTSCH DT04-12PB + uchwyt panelowy, styki size16;9;NC
P11;J_L1;DEUTSCH DT04-12PB + uchwyt panelowy, styki size16;10;NC
P11;J_L1;DEUTSCH DT04-12PB + uchwyt panelowy, styki size16;11;NC
P11;J_L1;DEUTSCH DT04-12PB + uchwyt panelowy, styki size16;12;GND
P11;J_L2;DEUTSCH DT04-12PC + uchwyt panelowy, styki size16;1;TAP_P1
P11;J_L2;DEUTSCH DT04-12PC + uchwyt panelowy, styki size16;2;TAP_P3
P11;J_L2;DEUTSCH DT04-12PC + uchwyt panelowy, styki size16;3;TAP_P4
P11;J_L2;DEUTSCH DT04-12PC + uchwyt panelowy, styki size16;4;TAP_P5
P11;J_L2;DEUTSCH DT04-12PC + uchwyt panelowy, styki size16;5;TAP_P6
P11;J_L2;DEUTSCH DT04-12PC + uchwyt panelowy, styki size16;6;NC
P11;J_L2;DEUTSCH DT04-12PC + uchwyt panelowy, styki size16;7;NC
P11;J_L2;DEUTSCH DT04-12PC + uchwyt panelowy, styki size16;8;NC
P11;J_L2;DEUTSCH DT04-12PC + uchwyt panelowy, styki size16;9;NC
P11;J_L2;DEUTSCH DT04-12PC + uchwyt panelowy, styki size16;10;NC
P11;J_L2;DEUTSCH DT04-12PC + uchwyt panelowy, styki size16;11;NC
P11;J_L2;DEUTSCH DT04-12PC + uchwyt panelowy, styki size16;12;GND
EXT;J_PWR;Wejście B+ / B-;1;N_F1_IN
EXT;J_PWR;Wejście B+ / B-;2;GND
P11;J_SCOPE;BNC: wyjście trigger;HOT;N_J_SCOPE_HOT
P11;J_SCOPE;BNC: wyjście trigger;SHELL;GND
P05;J_AUX;BNC: wejście pomiarowe;HOT;N_JP_AUX_COM_A
P05;J_AUX;BNC: wejście pomiarowe;SHELL;GND
P10;J_OBD;"OBD-II; pozostałe styki NC";6;CAN_H
P10;J_OBD;"OBD-II; pozostałe styki NC";14;CAN_L
P10;J_OBD;"OBD-II; pozostałe styki NC";4;NC
P10;J_OBD;"OBD-II; pozostałe styki NC";5;NC
P10;J_OBD;"OBD-II; pozostałe styki NC";16;NC
P09;TC1;Moduł MAX31856 / 3,3 V;VIN;3V3_IO
P09;TC1;Moduł MAX31856 / 3,3 V;GND;GND
P09;TC1;Moduł MAX31856 / 3,3 V;SCK;SPI3_SCLK_P09
P09;TC1;Moduł MAX31856 / 3,3 V;SDI;SPI3_MOSI_P09
P09;TC1;Moduł MAX31856 / 3,3 V;SDO;TC1_MISO
P09;TC1;Moduł MAX31856 / 3,3 V;CS;TC1_CS_P09
P09;TC1;Moduł MAX31856 / 3,3 V;T+;THERMO_TC1_PLUS
P09;TC1;Moduł MAX31856 / 3,3 V;T-;THERMO_TC1_MINUS
P09;TC2;Moduł MAX31856 / 3,3 V;VIN;3V3_IO
P09;TC2;Moduł MAX31856 / 3,3 V;GND;GND
P09;TC2;Moduł MAX31856 / 3,3 V;SCK;SPI3_SCLK_P09
P09;TC2;Moduł MAX31856 / 3,3 V;SDI;SPI3_MOSI_P09
P09;TC2;Moduł MAX31856 / 3,3 V;SDO;TC2_MISO
P09;TC2;Moduł MAX31856 / 3,3 V;CS;TC2_CS_P09
P09;TC2;Moduł MAX31856 / 3,3 V;T+;THERMO_TC2_PLUS
P09;TC2;Moduł MAX31856 / 3,3 V;T-;THERMO_TC2_MINUS
P03;SD1;microSD SPI / 3,3 V;VDD;3V3_CORE
P03;SD1;microSD SPI / 3,3 V;GND;GND
P03;SD1;microSD SPI / 3,3 V;CLK;SPI3_SCLK
P03;SD1;microSD SPI / 3,3 V;DI;SPI3_MOSI
P03;SD1;microSD SPI / 3,3 V;DO;SPI3_MISO
P03;SD1;microSD SPI / 3,3 V;CS;SD_CS
AT;JP4;"1x3; tylko DWIE zwory łącznie";1;5V_SENSOR
AT;JP4;"1x3; tylko DWIE zwory łącznie";2;T_EGR_P4
AT;JP4;"1x3; tylko DWIE zwory łącznie";3;AGND_SENSOR
AT;JP5;"1x3; tylko DWIE zwory łącznie";1;5V_SENSOR
AT;JP5;"1x3; tylko DWIE zwory łącznie";2;T_EGR_P5
AT;JP5;"1x3; tylko DWIE zwory łącznie";3;AGND_SENSOR
AT;JP6;"1x3; tylko DWIE zwory łącznie";1;5V_SENSOR
AT;JP6;"1x3; tylko DWIE zwory łącznie";2;T_EGR_P6
AT;JP6;"1x3; tylko DWIE zwory łącznie";3;AGND_SENSOR
AT;JT_LOOP;Mostek tylko w adapterze T;10;LOOP_OUT
AT;JT_LOOP;Mostek tylko w adapterze T;11;MECH_OK
AT;OEM_T;Zawór / sondy T;1;T_EGR_P1
AT;OEM_T;Zawór / sondy T;3;T_EGR_P3
AT;OEM_T;Zawór / sondy T;4;T_EGR_P4
AT;OEM_T;Zawór / sondy T;5;T_EGR_P5
AT;OEM_T;Zawór / sondy T;6;T_EGR_P6
AL1;OEM_L1;Zawór / sondy L1;1;EGR_P1
AL1;OEM_L1;Zawór / sondy L1;3;ECU_P3
AL1;OEM_L1;Zawór / sondy L1;4;ECU_P4
AL1;OEM_L1;Zawór / sondy L1;5;ECU_P5
AL1;OEM_L1;Zawór / sondy L1;6;ECU_P6
AL2;OEM_L2;Zawór / sondy L2;1;L2_EGR_P1
AL2;OEM_L2;Zawór / sondy L2;3;L2_EGR_P3
AL2;OEM_L2;Zawór / sondy L2;4;L2_EGR_P4
AL2;OEM_L2;Zawór / sondy L2;5;L2_EGR_P5
AL2;OEM_L2;Zawór / sondy L2;6;L2_EGR_P6
AL1;OEM_ECU;Wiązka fabryczna w L1;1;ECU_P1
AL1;OEM_ECU;Wiązka fabryczna w L1;3;ECU_P3
AL1;OEM_ECU;Wiązka fabryczna w L1;4;ECU_P4
AL1;OEM_ECU;Wiązka fabryczna w L1;5;ECU_P5
AL1;OEM_ECU;Wiązka fabryczna w L1;6;ECU_P6
P07;C_MOTOR_HF;100 nF / 50 V;1;VMOTOR
P07;C_MOTOR_HF;100 nF / 50 V;2;GND
P07;C_MOTOR_MF;1 µF / 50 V;1;VMOTOR
P07;C_MOTOR_MF;1 µF / 50 V;2;GND
P03;R_LED;1 kΩ;1;STATUS_LED
P03;R_LED;1 kΩ;2;LED_A
P03;LED1;Zielona / status;A;LED_A
P03;LED1;Zielona / status;K;GND
P10;C_CAN_VIO;100 nF;1;3V3_IO
P10;C_CAN_VIO;100 nF;2;GND
P02;C_DCDC_5V_SYS_IN;10 µF / 50 V;1;VIN_DC5
P02;C_DCDC_5V_SYS_IN;10 µF / 50 V;2;GND
P02;C_DCDC_5V_SYS_OUT;22 µF / 10 V;1;5V_SYS
P02;C_DCDC_5V_SYS_OUT;22 µF / 10 V;2;GND
P02;C_DCDC_3V3_IO_IN;10 µF / 50 V;1;VIN_DC33
P02;C_DCDC_3V3_IO_IN;10 µF / 50 V;2;GND
P02;C_DCDC_3V3_IO_OUT;22 µF / 10 V;1;3V3_IO
P02;C_DCDC_3V3_IO_OUT;22 µF / 10 V;2;GND
P01;J1;WEJSCIE po zewnetrznym F1 5 A;1;BAT_FUSED
P01;J1;WEJSCIE po zewnetrznym F1 5 A;2;GND
P01;J2;WYJSCIE do VPROT;1;VPROT
P01;J2;WYJSCIE do VPROT;2;GND
P01;J3;INHIBIT: zwarcie = OFF;1;P01_OK
P01;J3;INHIBIT: zwarcie = OFF;2;GND
P01;D1;15KPA24CA;1;BAT_FUSED
P01;D1;15KPA24CA;2;GND
P01;D2;STPS20100CT;1;BAT_FUSED
P01;D2;STPS20100CT;2;P01_VS
P01;D2;STPS20100CT;3;BAT_FUSED
P01;Q1;SUP53P06-20-E3;1;P01_GATE
P01;Q1;SUP53P06-20-E3;2;VPROT
P01;Q1;SUP53P06-20-E3;3;P01_VS
P01;D3;5KP18A;A;GND
P01;D3;5KP18A;K;VPROT
P01;D4;BZX55C15;A;P01_GATE
P01;D4;BZX55C15;K;P01_VS
P01;C1;10 uF;1;P01_VS
P01;C1;10 uF;2;GND
P01;C2;100 nF;1;P01_VS
P01;C2;100 nF;2;GND
P01;C3;100 uF;1;VPROT
P01;C3;100 uF;2;GND
P01;C4;100 nF;1;VPROT
P01;C4;100 nF;2;GND
P01;C5;220 nF;1;P01_GATE
P01;C5;220 nF;2;VPROT
P01;C6;47 nF;1;P01_GATE
P01;C6;47 nF;2;P01_VS
P01;R1;150 ohm;1;P01_VS
P01;R1;150 ohm;2;P01_AUX_IN
P01;D5;1.5KE18A-E3/54;A;GND
P01;D5;1.5KE18A-E3/54;K;P01_AUX_IN
P01;C7;22 uF;1;P01_AUX_IN
P01;C7;22 uF;2;GND
P01;C8;100 nF;1;P01_AUX_IN
P01;C8;100 nF;2;GND
P01;U1;LM2936Z-5.0/NOPB;1;P01_AUX5
P01;U1;LM2936Z-5.0/NOPB;2;GND
P01;U1;LM2936Z-5.0/NOPB;3;P01_AUX_IN
P01;R2;1 ohm;1;P01_AUX5
P01;R2;1 ohm;2;P01_C_AUX_TOP
P01;C9;47 uF;1;P01_C_AUX_TOP
P01;C9;47 uF;2;GND
P01;C10;100 nF;1;P01_AUX5
P01;C10;100 nF;2;GND
P01;C11;100 nF;1;P01_AUX5
P01;C11;100 nF;2;GND
P01;R3;820 ohm;1;P01_AUX5
P01;R3;820 ohm;2;P01_REF
P01;R4;10000 ohm;1;P01_REF
P01;R4;10000 ohm;2;GND
P01;U3;TL431BILP;1;P01_REF
P01;U3;TL431BILP;2;GND
P01;U3;TL431BILP;3;P01_REF
P01;U2;LM2903P;1;P01_OK
P01;U2;LM2903P;2;P01_OV_SENSE
P01;U2;LM2903P;3;P01_OV_REF
P01;U2;LM2903P;4;GND
P01;U2;LM2903P;5;P01_UV_SENSE
P01;U2;LM2903P;6;P01_REF
P01;U2;LM2903P;7;P01_OK
P01;U2;LM2903P;8;P01_AUX5
P01;U4;MCP120-450DI/TO;1;P01_OK
P01;U4;MCP120-450DI/TO;2;P01_AUX5
P01;U4;MCP120-450DI/TO;3;GND
P01;D6;1N4148;A;BAT_FUSED
P01;D6;1N4148;K;P01_SENSE_RAW
P01;R5;54900 ohm;1;P01_SENSE_RAW
P01;R5;54900 ohm;2;P01_OV_TRIM_TOP
P01;RV1;3296W-1-502LF / 5 kohm;1;P01_OV_TRIM_TOP
P01;RV1;3296W-1-502LF / 5 kohm;2;P01_OV_TRIM_TOP
P01;RV1;3296W-1-502LF / 5 kohm;3;P01_OV_SENSE
P01;R6;10000 ohm;1;P01_OV_SENSE
P01;R6;10000 ohm;2;GND
P01;R7;10000 ohm;1;P01_REF
P01;R7;10000 ohm;2;P01_OV_REF
P01;R8;220000 ohm;1;P01_OK
P01;R8;220000 ohm;2;P01_OV_REF
P01;R9;26100 ohm;1;P01_SENSE_RAW
P01;R9;26100 ohm;2;P01_UV_SENSE
P01;R10;10000 ohm;1;P01_UV_SENSE
P01;R10;10000 ohm;2;GND
P01;R11;249000 ohm;1;P01_OK
P01;R11;249000 ohm;2;P01_UV_SENSE
P01;R12;100000 ohm;1;P01_SENSE_RAW
P01;R12;100000 ohm;2;GND
P01;C12;100 pF;1;P01_OV_SENSE
P01;C12;100 pF;2;GND
P01;C13;1 nF;1;P01_UV_SENSE
P01;C13;1 nF;2;GND
P01;R13;2200 ohm;1;P01_AUX5
P01;R13;2200 ohm;2;P01_OK
P01;R14;4700 ohm;1;P01_OK
P01;R14;4700 ohm;2;P01_BUF_D1
P01;D7;1N4148;A;P01_BUF_D1
P01;D7;1N4148;K;P01_BUF_D2
P01;D8;1N4148;A;P01_BUF_D2
P01;D8;1N4148;K;P01_BUF_BASE
P01;R15;100000 ohm;1;P01_BUF_BASE
P01;R15;100000 ohm;2;GND
P01;Q6;2N5551G;1;P01_ENABLE
P01;Q6;2N5551G;2;P01_BUF_BASE
P01;Q6;2N5551G;3;P01_AUX5
P01;R16;10000 ohm;1;P01_ENABLE
P01;R16;10000 ohm;2;GND
P01;R17;4700 ohm;1;P01_ENABLE
P01;R17;4700 ohm;2;P01_ON_BASE
P01;R18;47000 ohm;1;P01_ON_BASE
P01;R18;47000 ohm;2;GND
P01;R19;4700 ohm;1;P01_ENABLE
P01;R19;4700 ohm;2;P01_RELEASE_BASE
P01;R20;47000 ohm;1;P01_RELEASE_BASE
P01;R20;47000 ohm;2;GND
P01;Q3;2N5551G;1;GND
P01;Q3;2N5551G;2;P01_ON_BASE
P01;Q3;2N5551G;3;P01_ON_COL
P01;Q5;2N5551G;1;GND
P01;Q5;2N5551G;2;P01_RELEASE_BASE
P01;Q5;2N5551G;3;P01_RELEASE_COL
P01;R21;4700 ohm;1;P01_GATE
P01;R21;4700 ohm;2;P01_ON_COL
P01;R22;100000 ohm;1;P01_GATE
P01;R22;100000 ohm;2;P01_VS
P01;Q2;2N5401G;1;P01_VS
P01;Q2;2N5401G;2;P01_OFF_BASE
P01;Q2;2N5401G;3;P01_OFF_COL
P01;Q4;2N5401G;1;P01_VS
P01;Q4;2N5401G;2;P01_RELEASE_PBASE
P01;Q4;2N5401G;3;P01_OFF_BASE
P01;R23;2200 ohm;1;P01_OFF_BASE
P01;R23;2200 ohm;2;GND
P01;R24;100000 ohm;1;P01_OFF_BASE
P01;R24;100000 ohm;2;P01_VS
P01;R25;47000 ohm;1;P01_RELEASE_PBASE
P01;R25;47000 ohm;2;P01_VS
P01;R26;10000 ohm;1;P01_RELEASE_PBASE
P01;R26;10000 ohm;2;P01_RELEASE_COL
P01;R27;47 ohm;1;P01_OFF_COL
P01;R27;47 ohm;2;P01_GATE
P01;R28;4700 ohm;1;VPROT
P01;R28;4700 ohm;2;GND
P01;LED1;LED zielona 3 mm;A;P01_LED_A
P01;LED1;LED zielona 3 mm;K;GND
P01;R29;6800 ohm;1;VPROT
P01;R29;6800 ohm;2;P01_LED_A
P01;J4;SYGNAL BLEDU do EGRLab;1;P01_BOARD_3V3
P01;J4;SYGNAL BLEDU do EGRLab;2;SAFE_N
P01;J4;SYGNAL BLEDU do EGRLab;3;GND
P01;Q7;2N5551G;1;GND
P01;Q7;2N5551G;2;P01_FAULT_BASE
P01;Q7;2N5551G;3;SAFE_N
P01;Q8;2N5551G;1;GND
P01;Q8;2N5551G;2;P01_FAULT_RELEASE_BASE
P01;Q8;2N5551G;3;P01_FAULT_BASE
P01;R30;10000 ohm;1;P01_BOARD_3V3
P01;R30;10000 ohm;2;P01_FAULT_BASE
P01;R31;100000 ohm;1;P01_FAULT_BASE
P01;R31;100000 ohm;2;GND
P01;R32;10000 ohm;1;P01_ENABLE
P01;R32;10000 ohm;2;P01_FAULT_RELEASE_BASE
P01;R33;47000 ohm;1;P01_FAULT_RELEASE_BASE
P01;R33;47000 ohm;2;GND
P03;R_CURRENT_OK;10k;1;LOGGER_CURRENT_OK
P03;R_CURRENT_OK;10k;2;GND
P05;R_CH6_ZERO;10k;1;ADC_CH6
P05;R_CH6_ZERO;10k;2;GND
P07;U_RELAY;TBD62083APG DIP18;1;LOCAL_PERMIT
P07;U_RELAY;TBD62083APG DIP18;2;GND
P07;U_RELAY;TBD62083APG DIP18;3;GND
P07;U_RELAY;TBD62083APG DIP18;4;GND
P07;U_RELAY;TBD62083APG DIP18;5;GND
P07;U_RELAY;TBD62083APG DIP18;6;GND
P07;U_RELAY;TBD62083APG DIP18;7;GND
P07;U_RELAY;TBD62083APG DIP18;8;GND
P07;U_RELAY;TBD62083APG DIP18;11;NC
P07;U_RELAY;TBD62083APG DIP18;12;NC
P07;U_RELAY;TBD62083APG DIP18;13;NC
P07;U_RELAY;TBD62083APG DIP18;14;NC
P07;U_RELAY;TBD62083APG DIP18;15;NC
P07;U_RELAY;TBD62083APG DIP18;16;NC
P07;U_RELAY;TBD62083APG DIP18;17;NC
P07;U_RELAY;TBD62083APG DIP18;18;PWR_COIL_LOW
P07;U_RELAY;TBD62083APG DIP18;9;GND
P07;U_RELAY;TBD62083APG DIP18;10;NC
P08;U_RELAY;TBD62083APG DIP18;1;SENSOR_LOCAL
P08;U_RELAY;TBD62083APG DIP18;2;GND
P08;U_RELAY;TBD62083APG DIP18;3;GND
P08;U_RELAY;TBD62083APG DIP18;4;GND
P08;U_RELAY;TBD62083APG DIP18;5;GND
P08;U_RELAY;TBD62083APG DIP18;6;GND
P08;U_RELAY;TBD62083APG DIP18;7;GND
P08;U_RELAY;TBD62083APG DIP18;8;GND
P08;U_RELAY;TBD62083APG DIP18;11;NC
P08;U_RELAY;TBD62083APG DIP18;12;NC
P08;U_RELAY;TBD62083APG DIP18;13;NC
P08;U_RELAY;TBD62083APG DIP18;14;NC
P08;U_RELAY;TBD62083APG DIP18;15;NC
P08;U_RELAY;TBD62083APG DIP18;16;NC
P08;U_RELAY;TBD62083APG DIP18;17;NC
P08;U_RELAY;TBD62083APG DIP18;18;SENSOR_COIL_LOW
P08;U_RELAY;TBD62083APG DIP18;9;GND
P08;U_RELAY;TBD62083APG DIP18;10;NC
P03;U_CS;SN74HC139N DIP16;1;CURRENT_CS_N
P03;U_CS;SN74HC139N DIP16;2;MEAS_BANK
P03;U_CS;SN74HC139N DIP16;3;GND
P03;U_CS;SN74HC139N DIP16;4;CS_ILOG_N_SRC
P03;U_CS;SN74HC139N DIP16;5;CS_ITEST_N_SRC
P03;U_CS;SN74HC139N DIP16;6;NC
P03;U_CS;SN74HC139N DIP16;7;NC
P03;U_CS;SN74HC139N DIP16;8;GND
P03;U_CS;SN74HC139N DIP16;9;NC
P03;U_CS;SN74HC139N DIP16;10;NC
P03;U_CS;SN74HC139N DIP16;11;NC
P03;U_CS;SN74HC139N DIP16;12;NC
P03;U_CS;SN74HC139N DIP16;13;GND
P03;U_CS;SN74HC139N DIP16;14;GND
P03;U_CS;SN74HC139N DIP16;15;3V3_CORE
P03;U_CS;SN74HC139N DIP16;16;3V3_CORE
P03;R_CS_IDLE;10k;1;CURRENT_CS_N
P03;R_CS_IDLE;10k;2;3V3_CORE
P03;C_CS;100nF;1;3V3_CORE
P03;C_CS;100nF;2;GND
P06;R_AF;1R 0.5W;1;5V_SYS
P06;R_AF;1R 0.5W;2;5VA_P06
P06;C_AF;47uF 10V;1;5VA_P06
P06;C_AF;47uF 10V;2;GND
P06;C_AF_HF;100nF;1;5VA_P06
P06;C_AF_HF;100nF;2;GND
P06;U_LDO;MCP1702-3302E/TO TO92;1;GND
P06;U_LDO;MCP1702-3302E/TO TO92;2;5VA_P06
P06;U_LDO;MCP1702-3302E/TO TO92;3;P06_3V3
P06;C_LDO_IN;1uF X7R;1;5VA_P06
P06;C_LDO_IN;1uF X7R;2;GND
P06;C_LDO_OUT;4.7uF X7R;1;P06_3V3
P06;C_LDO_OUT;4.7uF X7R;2;GND
P06;U_REF;MCP1525-I/TO TO92;1;GND
P06;U_REF;MCP1525-I/TO TO92;2;P06_REF25
P06;U_REF;MCP1525-I/TO TO92;3;P06_3V3
P06;C_REF;1uF X7R;1;P06_REF25
P06;C_REF;1uF X7R;2;GND
P06;C_REF_IN;100nF;1;P06_3V3
P06;C_REF_IN;100nF;2;GND
P06;R_DIV_H;2.00k 0.1% 25ppm;1;I_L_OUT
P06;R_DIV_H;2.00k 0.1% 25ppm;2;P06_DIV
P06;R_DIV_L;2.00k 0.1% 25ppm;1;P06_DIV
P06;R_DIV_L;2.00k 0.1% 25ppm;2;GND
P06;C_DIV;4.7nF C0G;1;P06_DIV
P06;C_DIV;4.7nF C0G;2;GND
P06;U_BUF;MCP6022-I/P DIP8;1;P06_BUF
P06;U_BUF;MCP6022-I/P DIP8;2;P06_BUF
P06;U_BUF;MCP6022-I/P DIP8;3;P06_DIV
P06;U_BUF;MCP6022-I/P DIP8;4;GND
P06;U_BUF;MCP6022-I/P DIP8;5;P06_REF25
P06;U_BUF;MCP6022-I/P DIP8;6;P06_REF_BUF
P06;U_BUF;MCP6022-I/P DIP8;7;P06_REF_BUF
P06;U_BUF;MCP6022-I/P DIP8;8;P06_3V3
P06;C_BUF;100nF;1;P06_3V3
P06;C_BUF;100nF;2;GND
P06;R_ADC;47R;1;P06_BUF
P06;R_ADC;47R;2;P06_AIN
P06;C_ADC_IN;470pF C0G;1;P06_AIN
P06;C_ADC_IN;470pF C0G;2;GND
P06;U_ADC;MCP3201-BI/P DIP8;1;P06_REF25
P06;U_ADC;MCP3201-BI/P DIP8;2;P06_AIN
P06;U_ADC;MCP3201-BI/P DIP8;3;GND
P06;U_ADC;MCP3201-BI/P DIP8;4;GND
P06;U_ADC;MCP3201-BI/P DIP8;5;P06_CS
P06;U_ADC;MCP3201-BI/P DIP8;6;P06_DOUT
P06;U_ADC;MCP3201-BI/P DIP8;7;P06_CLK
P06;U_ADC;MCP3201-BI/P DIP8;8;P06_3V3
P06;C_ADC;100nF;1;P06_3V3
P06;C_ADC;100nF;2;GND
P06;U_SPI;74LVC125AD Nexperia SO14 + adapter (Ioff);7;GND
P06;U_SPI;74LVC125AD Nexperia SO14 + adapter (Ioff);14;P06_3V3
P06;U_SPI;74LVC125AD Nexperia SO14 + adapter (Ioff);1;GND
P06;U_SPI;74LVC125AD Nexperia SO14 + adapter (Ioff);2;CS_ILOG_N
P06;U_SPI;74LVC125AD Nexperia SO14 + adapter (Ioff);3;P06_CS
P06;U_SPI;74LVC125AD Nexperia SO14 + adapter (Ioff);4;GND
P06;U_SPI;74LVC125AD Nexperia SO14 + adapter (Ioff);5;ADC_SCLK
P06;U_SPI;74LVC125AD Nexperia SO14 + adapter (Ioff);6;P06_CLK
P06;U_SPI;74LVC125AD Nexperia SO14 + adapter (Ioff);10;P06_CS
P06;U_SPI;74LVC125AD Nexperia SO14 + adapter (Ioff);9;P06_DOUT
P06;U_SPI;74LVC125AD Nexperia SO14 + adapter (Ioff);8;ADC_DOUTA
P06;U_SPI;74LVC125AD Nexperia SO14 + adapter (Ioff);13;3V3_IO
P06;U_SPI;74LVC125AD Nexperia SO14 + adapter (Ioff);12;GND
P06;U_SPI;74LVC125AD Nexperia SO14 + adapter (Ioff);11;NC
P06;C_U_SPI;100nF;1;P06_3V3
P06;C_U_SPI;100nF;2;GND
P06;R_CS;10k;1;P06_CS
P06;R_CS;10k;2;P06_3V3
P06;R_MISO;47k;1;P06_DOUT
P06;R_MISO;47k;2;P06_3V3
P06;U_SUP3;MCP120-300DI/TO TO92;1;P06_SUP3_N
P06;U_SUP3;MCP120-300DI/TO TO92;2;P06_3V3
P06;U_SUP3;MCP120-300DI/TO TO92;3;GND
P06;R_U_SUP3;10k;1;P06_SUP3_N
P06;R_U_SUP3;10k;2;P06_3V3
P06;C_U_SUP3;100nF;1;P06_3V3
P06;C_U_SUP3;100nF;2;GND
P06;U_SUP5;MCP120-450DI/TO TO92;1;P06_SUP5_RAW
P06;U_SUP5;MCP120-450DI/TO TO92;2;5VA_P06
P06;U_SUP5;MCP120-450DI/TO TO92;3;GND
P06;R_SUP5;10k;1;P06_SUP5_RAW
P06;R_SUP5;10k;2;5VA_P06
P06;C_SUP5;100nF;1;5VA_P06
P06;C_SUP5;100nF;2;GND
P06;U_READY;SN74HC08N DIP14;7;GND
P06;U_READY;SN74HC08N DIP14;14;P06_3V3
P06;U_READY;SN74HC08N DIP14;1;P06_SUP3_N
P06;U_READY;SN74HC08N DIP14;2;P06_SUP5_N
P06;U_READY;SN74HC08N DIP14;3;P06_RAILS_OK
P06;U_READY;SN74HC08N DIP14;4;P06_RAILS_OK
P06;U_READY;SN74HC08N DIP14;5;SHUNT_ENABLED
P06;U_READY;SN74HC08N DIP14;6;LOGGER_CURRENT_OK
P06;U_READY;SN74HC08N DIP14;9;GND
P06;U_READY;SN74HC08N DIP14;10;GND
P06;U_READY;SN74HC08N DIP14;8;NC
P06;U_READY;SN74HC08N DIP14;12;GND
P06;U_READY;SN74HC08N DIP14;13;GND
P06;U_READY;SN74HC08N DIP14;11;NC
P06;C_U_READY;100nF;1;P06_3V3
P06;C_U_READY;100nF;2;GND
P06;R_READY_PD;10k;1;P06_RAILS_OK
P06;R_READY_PD;10k;2;GND
P06;J_ANALOG_TP;DEBUG analog only 3-pin;1;I_L_OUT
P06;J_ANALOG_TP;DEBUG analog only 3-pin;2;P06_REF25
P06;J_ANALOG_TP;DEBUG analog only 3-pin;3;GND
P07;R_AF;1R 0.5W;1;5V_SYS
P07;R_AF;1R 0.5W;2;5VA_P07
P07;C_AF;47uF 10V;1;5VA_P07
P07;C_AF;47uF 10V;2;GND
P07;C_AF_HF;100nF;1;5VA_P07
P07;C_AF_HF;100nF;2;GND
P07;U_LDO;MCP1702-3302E/TO TO92;1;GND
P07;U_LDO;MCP1702-3302E/TO TO92;2;5VA_P07
P07;U_LDO;MCP1702-3302E/TO TO92;3;P07_3V3
P07;C_LDO_IN;1uF X7R;1;5VA_P07
P07;C_LDO_IN;1uF X7R;2;GND
P07;C_LDO_OUT;4.7uF X7R;1;P07_3V3
P07;C_LDO_OUT;4.7uF X7R;2;GND
P07;U_REF;MCP1525-I/TO TO92;1;GND
P07;U_REF;MCP1525-I/TO TO92;2;P07_REF25
P07;U_REF;MCP1525-I/TO TO92;3;P07_3V3
P07;C_REF;1uF X7R;1;P07_REF25
P07;C_REF;1uF X7R;2;GND
P07;C_REF_IN;100nF;1;P07_3V3
P07;C_REF_IN;100nF;2;GND
P07;R_DIV_H;2.00k 0.1% 25ppm;1;I_T_OUT
P07;R_DIV_H;2.00k 0.1% 25ppm;2;P07_DIV
P07;R_DIV_L;2.00k 0.1% 25ppm;1;P07_DIV
P07;R_DIV_L;2.00k 0.1% 25ppm;2;GND
P07;C_DIV;4.7nF C0G;1;P07_DIV
P07;C_DIV;4.7nF C0G;2;GND
P07;U_BUF;MCP6022-I/P DIP8;1;P07_BUF
P07;U_BUF;MCP6022-I/P DIP8;2;P07_BUF
P07;U_BUF;MCP6022-I/P DIP8;3;P07_DIV
P07;U_BUF;MCP6022-I/P DIP8;4;GND
P07;U_BUF;MCP6022-I/P DIP8;5;P07_REF25
P07;U_BUF;MCP6022-I/P DIP8;6;P07_REF_BUF
P07;U_BUF;MCP6022-I/P DIP8;7;P07_REF_BUF
P07;U_BUF;MCP6022-I/P DIP8;8;P07_3V3
P07;C_BUF;100nF;1;P07_3V3
P07;C_BUF;100nF;2;GND
P07;R_ADC;47R;1;P07_BUF
P07;R_ADC;47R;2;P07_AIN
P07;C_ADC_IN;470pF C0G;1;P07_AIN
P07;C_ADC_IN;470pF C0G;2;GND
P07;U_ADC;MCP3201-BI/P DIP8;1;P07_REF25
P07;U_ADC;MCP3201-BI/P DIP8;2;P07_AIN
P07;U_ADC;MCP3201-BI/P DIP8;3;GND
P07;U_ADC;MCP3201-BI/P DIP8;4;GND
P07;U_ADC;MCP3201-BI/P DIP8;5;P07_CS
P07;U_ADC;MCP3201-BI/P DIP8;6;P07_DOUT
P07;U_ADC;MCP3201-BI/P DIP8;7;P07_CLK
P07;U_ADC;MCP3201-BI/P DIP8;8;P07_3V3
P07;C_ADC;100nF;1;P07_3V3
P07;C_ADC;100nF;2;GND
P07;U_SPI;74LVC125AD Nexperia SO14 + adapter (Ioff);7;GND
P07;U_SPI;74LVC125AD Nexperia SO14 + adapter (Ioff);14;P07_3V3
P07;U_SPI;74LVC125AD Nexperia SO14 + adapter (Ioff);1;GND
P07;U_SPI;74LVC125AD Nexperia SO14 + adapter (Ioff);2;CS_ITEST_N
P07;U_SPI;74LVC125AD Nexperia SO14 + adapter (Ioff);3;P07_CS
P07;U_SPI;74LVC125AD Nexperia SO14 + adapter (Ioff);4;GND
P07;U_SPI;74LVC125AD Nexperia SO14 + adapter (Ioff);5;ADC_SCLK
P07;U_SPI;74LVC125AD Nexperia SO14 + adapter (Ioff);6;P07_CLK
P07;U_SPI;74LVC125AD Nexperia SO14 + adapter (Ioff);10;P07_CS
P07;U_SPI;74LVC125AD Nexperia SO14 + adapter (Ioff);9;P07_DOUT
P07;U_SPI;74LVC125AD Nexperia SO14 + adapter (Ioff);8;ADC_DOUTA
P07;U_SPI;74LVC125AD Nexperia SO14 + adapter (Ioff);13;3V3_IO
P07;U_SPI;74LVC125AD Nexperia SO14 + adapter (Ioff);12;GND
P07;U_SPI;74LVC125AD Nexperia SO14 + adapter (Ioff);11;NC
P07;C_U_SPI;100nF;1;P07_3V3
P07;C_U_SPI;100nF;2;GND
P07;R_CS;10k;1;P07_CS
P07;R_CS;10k;2;P07_3V3
P07;R_MISO;47k;1;P07_DOUT
P07;R_MISO;47k;2;P07_3V3
P07;U_SUP3;MCP120-300DI/TO TO92;1;P07_SUP3_N
P07;U_SUP3;MCP120-300DI/TO TO92;2;P07_3V3
P07;U_SUP3;MCP120-300DI/TO TO92;3;GND
P07;R_U_SUP3;10k;1;P07_SUP3_N
P07;R_U_SUP3;10k;2;P07_3V3
P07;C_U_SUP3;100nF;1;P07_3V3
P07;C_U_SUP3;100nF;2;GND
P07;U_SUP5;MCP120-450DI/TO TO92;1;P07_SUP5_RAW
P07;U_SUP5;MCP120-450DI/TO TO92;2;5VA_P07
P07;U_SUP5;MCP120-450DI/TO TO92;3;GND
P07;R_SUP5;10k;1;P07_SUP5_RAW
P07;R_SUP5;10k;2;5VA_P07
P07;C_SUP5;100nF;1;5VA_P07
P07;C_SUP5;100nF;2;GND
P07;U_READY;SN74HC08N DIP14;7;GND
P07;U_READY;SN74HC08N DIP14;14;P07_3V3
P07;U_READY;SN74HC08N DIP14;1;P07_SUP3_N
P07;U_READY;SN74HC08N DIP14;2;P07_SUP5_N
P07;U_READY;SN74HC08N DIP14;3;P07_RAILS_OK
P07;U_READY;SN74HC08N DIP14;4;GND
P07;U_READY;SN74HC08N DIP14;5;GND
P07;U_READY;SN74HC08N DIP14;6;NC
P07;U_READY;SN74HC08N DIP14;9;GND
P07;U_READY;SN74HC08N DIP14;10;GND
P07;U_READY;SN74HC08N DIP14;8;NC
P07;U_READY;SN74HC08N DIP14;12;GND
P07;U_READY;SN74HC08N DIP14;13;GND
P07;U_READY;SN74HC08N DIP14;11;NC
P07;C_U_READY;100nF;1;P07_3V3
P07;C_U_READY;100nF;2;GND
P07;R_READY_PD;10k;1;P07_RAILS_OK
P07;R_READY_PD;10k;2;GND
P07;J_ANALOG_TP;DEBUG analog only 3-pin;1;I_T_OUT
P07;J_ANALOG_TP;DEBUG analog only 3-pin;2;P07_REF25
P07;J_ANALOG_TP;DEBUG analog only 3-pin;3;GND
P06;SW_BYPASS;DPDT ON-ON >=10A mechanicznie sprzezone;1;ECU_P1
P06;SW_BYPASS;DPDT ON-ON >=10A mechanicznie sprzezone;2;EGR_P1
P06;SW_BYPASS;DPDT ON-ON >=10A mechanicznie sprzezone;3;NC
P06;SW_BYPASS;DPDT ON-ON >=10A mechanicznie sprzezone;4;P06_3V3
P06;SW_BYPASS;DPDT ON-ON >=10A mechanicznie sprzezone;5;NC
P06;SW_BYPASS;DPDT ON-ON >=10A mechanicznie sprzezone;6;SHUNT_ENABLED
P06;R_ENABLE_PD;10k;1;SHUNT_ENABLED
P06;R_ENABLE_PD;10k;2;GND
P07;R_OC_PULL;10k;1;OC_LOCAL_N
P07;R_OC_PULL;10k;2;P07_3V3
P07;R_OC_L_TOP;10.0k 0.1%;1;P07_REF_BUF
P07;R_OC_L_TOP;10.0k 0.1%;2;OC_LOW
P07;R_OC_L_BOT;15.0k 0.1%;1;OC_LOW
P07;R_OC_L_BOT;15.0k 0.1%;2;GND
P07;U_OCREF;MCP6022-I/P DIP8;1;OC_HIGH
P07;U_OCREF;MCP6022-I/P DIP8;2;OC_FB
P07;U_OCREF;MCP6022-I/P DIP8;3;P07_REF_BUF
P07;U_OCREF;MCP6022-I/P DIP8;4;GND
P07;U_OCREF;MCP6022-I/P DIP8;5;GND
P07;U_OCREF;MCP6022-I/P DIP8;6;OC_UNUSED
P07;U_OCREF;MCP6022-I/P DIP8;7;OC_UNUSED
P07;U_OCREF;MCP6022-I/P DIP8;8;5VA_P07
P07;R_OC_FB;10.0k 0.1%;1;OC_HIGH
P07;R_OC_FB;10.0k 0.1%;2;OC_FB
P07;R_OC_G;24.9k 0.1%;1;OC_FB
P07;R_OC_G;24.9k 0.1%;2;GND
P07;C_OCREF;100nF;1;5VA_P07
P07;C_OCREF;100nF;2;GND
P07;U_INV;SN74HC14N DIP14;7;GND
P07;U_INV;SN74HC14N DIP14;14;P07_3V3
P07;U_INV;SN74HC14N DIP14;1;OC_LOCAL_N
P07;U_INV;SN74HC14N DIP14;2;OC_FAULT
P07;U_INV;SN74HC14N DIP14;3;MOTOR_PERMIT_P07
P07;U_INV;SN74HC14N DIP14;4;PERMIT_N
P07;U_INV;SN74HC14N DIP14;5;GND
P07;U_INV;SN74HC14N DIP14;6;NC
P07;U_INV;SN74HC14N DIP14;9;GND
P07;U_INV;SN74HC14N DIP14;8;NC
P07;U_INV;SN74HC14N DIP14;11;GND
P07;U_INV;SN74HC14N DIP14;10;NC
P07;U_INV;SN74HC14N DIP14;13;GND
P07;U_INV;SN74HC14N DIP14;12;NC
P07;C_U_INV;100nF;1;P07_3V3
P07;C_U_INV;100nF;2;GND
P07;Q_OC;2N5551 onsemi TO92;1;GND
P07;Q_OC;2N5551 onsemi TO92;2;OC_BASE
P07;Q_OC;2N5551 onsemi TO92;3;SAFE_N
P07;R_QOC_B;10k;1;OC_FAULT
P07;R_QOC_B;10k;2;OC_BASE
P07;R_QOC_PD;100k;1;OC_BASE
P07;R_QOC_PD;100k;2;GND
P07;U_GATE;SN74HC08N DIP14;7;GND
P07;U_GATE;SN74HC08N DIP14;14;P07_3V3
P07;U_GATE;SN74HC08N DIP14;1;P07_RAILS_OK
P07;U_GATE;SN74HC08N DIP14;2;OC_LOCAL_N
P07;U_GATE;SN74HC08N DIP14;3;LOCAL_CLEAR_N
P07;U_GATE;SN74HC08N DIP14;4;ARM_CLK_P07
P07;U_GATE;SN74HC08N DIP14;5;PERMIT_N
P07;U_GATE;SN74HC08N DIP14;6;LOCAL_ARM_CLK
P07;U_GATE;SN74HC08N DIP14;9;MOTOR_PERMIT_P07
P07;U_GATE;SN74HC08N DIP14;10;OC_GOOD
P07;U_GATE;SN74HC08N DIP14;8;PERMIT_ARMED
P07;U_GATE;SN74HC08N DIP14;12;PERMIT_ARMED
P07;U_GATE;SN74HC08N DIP14;13;P07_RAILS_OK
P07;U_GATE;SN74HC08N DIP14;11;LOCAL_PERMIT
P07;C_U_GATE;100nF;1;P07_3V3
P07;C_U_GATE;100nF;2;GND
P07;U_OC_LATCH;SN74HC74N DIP14;1;LOCAL_CLEAR_N
P07;U_OC_LATCH;SN74HC74N DIP14;2;PERMIT_N
P07;U_OC_LATCH;SN74HC74N DIP14;3;ARM_CLK_P07
P07;U_OC_LATCH;SN74HC74N DIP14;4;P07_3V3
P07;U_OC_LATCH;SN74HC74N DIP14;5;OC_GOOD
P07;U_OC_LATCH;SN74HC74N DIP14;6;NC
P07;U_OC_LATCH;SN74HC74N DIP14;7;GND
P07;U_OC_LATCH;SN74HC74N DIP14;8;NC
P07;U_OC_LATCH;SN74HC74N DIP14;9;NC
P07;U_OC_LATCH;SN74HC74N DIP14;10;P07_3V3
P07;U_OC_LATCH;SN74HC74N DIP14;11;GND
P07;U_OC_LATCH;SN74HC74N DIP14;12;GND
P07;U_OC_LATCH;SN74HC74N DIP14;13;GND
P07;U_OC_LATCH;SN74HC74N DIP14;14;P07_3V3
P07;C_OC_LATCH;100nF;1;P07_3V3
P07;C_OC_LATCH;100nF;2;GND
P07;U_PWM;SN74HC08N DIP14;7;GND
P07;U_PWM;SN74HC08N DIP14;14;P07_3V3
P07;U_PWM;SN74HC08N DIP14;1;PWM_OUT_P07
P07;U_PWM;SN74HC08N DIP14;2;LOCAL_PERMIT
P07;U_PWM;SN74HC08N DIP14;3;PWM_LOCAL
P07;U_PWM;SN74HC08N DIP14;4;P07_RAILS_OK
P07;U_PWM;SN74HC08N DIP14;5;P07_RAILS_OK
P07;U_PWM;SN74HC08N DIP14;6;DRIVE_OK
P07;U_PWM;SN74HC08N DIP14;9;GND
P07;U_PWM;SN74HC08N DIP14;10;GND
P07;U_PWM;SN74HC08N DIP14;8;NC
P07;U_PWM;SN74HC08N DIP14;12;GND
P07;U_PWM;SN74HC08N DIP14;13;GND
P07;U_PWM;SN74HC08N DIP14;11;NC
P07;C_U_PWM;100nF;1;P07_3V3
P07;C_U_PWM;100nF;2;GND
P07;R_PD_MOTOR_PERMIT;10k;1;MOTOR_PERMIT_P07
P07;R_PD_MOTOR_PERMIT;10k;2;GND
P07;R_PD_ARM_CLK;10k;1;ARM_CLK_P07
P07;R_PD_ARM_CLK;10k;2;GND
P07;R_PD_PWM_OUT;10k;1;PWM_OUT_P07
P07;R_PD_PWM_OUT;10k;2;GND
P07;R_PD_MOTOR_INA;10k;1;MOTOR_INA_P07
P07;R_PD_MOTOR_INA;10k;2;GND
P07;R_PD_MOTOR_INB;10k;1;MOTOR_INB_P07
P07;R_PD_MOTOR_INB;10k;2;GND
P07;R_PD_LOCAL_PERMIT;10k;1;LOCAL_PERMIT
P07;R_PD_LOCAL_PERMIT;10k;2;GND
P05;R_RAIL_PULL;10k;1;DAQ_RAIL_N
P05;R_RAIL_PULL;10k;2;3V3_IO
P05;U_SUP3;MCP120-300DI/TO TO92;1;P05_SUP3_N
P05;U_SUP3;MCP120-300DI/TO TO92;2;3V3_IO
P05;U_SUP3;MCP120-300DI/TO TO92;3;GND
P05;R_U_SUP3;10k;1;P05_SUP3_N
P05;R_U_SUP3;10k;2;3V3_IO
P05;C_U_SUP3;100nF;1;3V3_IO
P05;C_U_SUP3;100nF;2;GND
P05;U_SUP5;MCP120-450DI/TO TO92;1;P05_SUP5_RAW
P05;U_SUP5;MCP120-450DI/TO TO92;2;5V_SYS
P05;U_SUP5;MCP120-450DI/TO TO92;3;GND
P05;U_READY;SN74HC08N DIP14;7;GND
P05;U_READY;SN74HC08N DIP14;14;3V3_IO
P05;U_READY;SN74HC08N DIP14;1;DAQ_RAIL_N
P05;U_READY;SN74HC08N DIP14;2;P05_SUP3_N
P05;U_READY;SN74HC08N DIP14;3;DAQ_TWO_OK
P05;U_READY;SN74HC08N DIP14;4;DAQ_TWO_OK
P05;U_READY;SN74HC08N DIP14;5;P05_SUP5_N
P05;U_READY;SN74HC08N DIP14;6;DAQ_OK
P05;U_READY;SN74HC08N DIP14;9;GND
P05;U_READY;SN74HC08N DIP14;10;GND
P05;U_READY;SN74HC08N DIP14;8;NC
P05;U_READY;SN74HC08N DIP14;12;GND
P05;U_READY;SN74HC08N DIP14;13;GND
P05;U_READY;SN74HC08N DIP14;11;NC
P05;C_U_READY;100nF;1;3V3_IO
P05;C_U_READY;100nF;2;GND
P05;R_READY_PD;10k;1;DAQ_OK
P05;R_READY_PD;10k;2;GND
P02;U_SUP3;MCP120-300DI/TO TO92;1;P02_SUP3_N
P02;U_SUP3;MCP120-300DI/TO TO92;2;3V3_IO
P02;U_SUP3;MCP120-300DI/TO TO92;3;GND
P02;R_U_SUP3;10k;1;P02_SUP3_N
P02;R_U_SUP3;10k;2;3V3_IO
P02;C_U_SUP3;100nF;1;3V3_IO
P02;C_U_SUP3;100nF;2;GND
P02;U_SUP5;MCP120-450DI/TO TO92;1;P02_SUP5_RAW
P02;U_SUP5;MCP120-450DI/TO TO92;2;5V_SYS
P02;U_SUP5;MCP120-450DI/TO TO92;3;GND
P02;R_SUP5;10k;1;P02_SUP5_RAW
P02;R_SUP5;10k;2;5V_SYS
P02;C_SUP5;100nF;1;5V_SYS
P02;C_SUP5;100nF;2;GND
P02;U_READY;SN74HC08N DIP14;7;GND
P02;U_READY;SN74HC08N DIP14;14;3V3_IO
P02;U_READY;SN74HC08N DIP14;1;P02_SUP3_N
P02;U_READY;SN74HC08N DIP14;2;P02_SUP5_N
P02;U_READY;SN74HC08N DIP14;3;PSU_OK
P02;U_READY;SN74HC08N DIP14;4;GND
P02;U_READY;SN74HC08N DIP14;5;GND
P02;U_READY;SN74HC08N DIP14;6;NC
P02;U_READY;SN74HC08N DIP14;9;GND
P02;U_READY;SN74HC08N DIP14;10;GND
P02;U_READY;SN74HC08N DIP14;8;NC
P02;U_READY;SN74HC08N DIP14;12;GND
P02;U_READY;SN74HC08N DIP14;13;GND
P02;U_READY;SN74HC08N DIP14;11;NC
P02;C_U_READY;100nF;1;3V3_IO
P02;C_U_READY;100nF;2;GND
P02;R_READY_PD;10k;1;PSU_OK
P02;R_READY_PD;10k;2;GND
P08;U_SUP3;MCP120-300DI/TO TO92;1;P08_SUP3_N
P08;U_SUP3;MCP120-300DI/TO TO92;2;3V3_IO
P08;U_SUP3;MCP120-300DI/TO TO92;3;GND
P08;R_U_SUP3;10k;1;P08_SUP3_N
P08;R_U_SUP3;10k;2;3V3_IO
P08;C_U_SUP3;100nF;1;3V3_IO
P08;C_U_SUP3;100nF;2;GND
P08;U_SUP5;MCP120-450DI/TO TO92;1;P08_SUP5_RAW
P08;U_SUP5;MCP120-450DI/TO TO92;2;5V_SYS
P08;U_SUP5;MCP120-450DI/TO TO92;3;GND
P08;R_SUP5;10k;1;P08_SUP5_RAW
P08;R_SUP5;10k;2;5V_SYS
P08;C_SUP5;100nF;1;5V_SYS
P08;C_SUP5;100nF;2;GND
P08;U_READY;SN74HC08N DIP14;7;GND
P08;U_READY;SN74HC08N DIP14;14;3V3_IO
P08;U_READY;SN74HC08N DIP14;1;P08_SUP3_N
P08;U_READY;SN74HC08N DIP14;2;P08_SUP5_N
P08;U_READY;SN74HC08N DIP14;3;SENSOR_OK
P08;U_READY;SN74HC08N DIP14;4;SENSOR_PERMIT_P08
P08;U_READY;SN74HC08N DIP14;5;SENSOR_OK
P08;U_READY;SN74HC08N DIP14;6;SENSOR_LOCAL
P08;U_READY;SN74HC08N DIP14;9;GND
P08;U_READY;SN74HC08N DIP14;10;GND
P08;U_READY;SN74HC08N DIP14;8;NC
P08;U_READY;SN74HC08N DIP14;12;GND
P08;U_READY;SN74HC08N DIP14;13;GND
P08;U_READY;SN74HC08N DIP14;11;NC
P08;C_U_READY;100nF;1;3V3_IO
P08;C_U_READY;100nF;2;GND
P08;R_READY_PD;10k;1;SENSOR_OK
P08;R_READY_PD;10k;2;GND
P08;R_PERMIT_PD;10k;1;SENSOR_PERMIT_P08
P08;R_PERMIT_PD;10k;2;GND
P02;U_SUPBUF;74LVC125AD Nexperia SO14 + adapter (Ioff);7;GND
P02;U_SUPBUF;74LVC125AD Nexperia SO14 + adapter (Ioff);14;3V3_IO
P02;U_SUPBUF;74LVC125AD Nexperia SO14 + adapter (Ioff);1;GND
P02;U_SUPBUF;74LVC125AD Nexperia SO14 + adapter (Ioff);2;P02_SUP5_RAW
P02;U_SUPBUF;74LVC125AD Nexperia SO14 + adapter (Ioff);3;P02_SUP5_N
P02;U_SUPBUF;74LVC125AD Nexperia SO14 + adapter (Ioff);4;3V3_IO
P02;U_SUPBUF;74LVC125AD Nexperia SO14 + adapter (Ioff);5;GND
P02;U_SUPBUF;74LVC125AD Nexperia SO14 + adapter (Ioff);6;NC
P02;U_SUPBUF;74LVC125AD Nexperia SO14 + adapter (Ioff);10;3V3_IO
P02;U_SUPBUF;74LVC125AD Nexperia SO14 + adapter (Ioff);9;GND
P02;U_SUPBUF;74LVC125AD Nexperia SO14 + adapter (Ioff);8;NC
P02;U_SUPBUF;74LVC125AD Nexperia SO14 + adapter (Ioff);13;3V3_IO
P02;U_SUPBUF;74LVC125AD Nexperia SO14 + adapter (Ioff);12;GND
P02;U_SUPBUF;74LVC125AD Nexperia SO14 + adapter (Ioff);11;NC
P02;C_U_SUPBUF;100nF;1;3V3_IO
P02;C_U_SUPBUF;100nF;2;GND
P06;U_SUPBUF;74LVC125AD Nexperia SO14 + adapter (Ioff);7;GND
P06;U_SUPBUF;74LVC125AD Nexperia SO14 + adapter (Ioff);14;P06_3V3
P06;U_SUPBUF;74LVC125AD Nexperia SO14 + adapter (Ioff);1;GND
P06;U_SUPBUF;74LVC125AD Nexperia SO14 + adapter (Ioff);2;P06_SUP5_RAW
P06;U_SUPBUF;74LVC125AD Nexperia SO14 + adapter (Ioff);3;P06_SUP5_N
P06;U_SUPBUF;74LVC125AD Nexperia SO14 + adapter (Ioff);4;3V3_IO
P06;U_SUPBUF;74LVC125AD Nexperia SO14 + adapter (Ioff);5;GND
P06;U_SUPBUF;74LVC125AD Nexperia SO14 + adapter (Ioff);6;NC
P06;U_SUPBUF;74LVC125AD Nexperia SO14 + adapter (Ioff);10;3V3_IO
P06;U_SUPBUF;74LVC125AD Nexperia SO14 + adapter (Ioff);9;GND
P06;U_SUPBUF;74LVC125AD Nexperia SO14 + adapter (Ioff);8;NC
P06;U_SUPBUF;74LVC125AD Nexperia SO14 + adapter (Ioff);13;3V3_IO
P06;U_SUPBUF;74LVC125AD Nexperia SO14 + adapter (Ioff);12;GND
P06;U_SUPBUF;74LVC125AD Nexperia SO14 + adapter (Ioff);11;NC
P06;C_U_SUPBUF;100nF;1;P06_3V3
P06;C_U_SUPBUF;100nF;2;GND
P07;U_SUPBUF;74LVC125AD Nexperia SO14 + adapter (Ioff);7;GND
P07;U_SUPBUF;74LVC125AD Nexperia SO14 + adapter (Ioff);14;P07_3V3
P07;U_SUPBUF;74LVC125AD Nexperia SO14 + adapter (Ioff);1;GND
P07;U_SUPBUF;74LVC125AD Nexperia SO14 + adapter (Ioff);2;P07_SUP5_RAW
P07;U_SUPBUF;74LVC125AD Nexperia SO14 + adapter (Ioff);3;P07_SUP5_N
P07;U_SUPBUF;74LVC125AD Nexperia SO14 + adapter (Ioff);4;3V3_IO
P07;U_SUPBUF;74LVC125AD Nexperia SO14 + adapter (Ioff);5;GND
P07;U_SUPBUF;74LVC125AD Nexperia SO14 + adapter (Ioff);6;NC
P07;U_SUPBUF;74LVC125AD Nexperia SO14 + adapter (Ioff);10;3V3_IO
P07;U_SUPBUF;74LVC125AD Nexperia SO14 + adapter (Ioff);9;GND
P07;U_SUPBUF;74LVC125AD Nexperia SO14 + adapter (Ioff);8;NC
P07;U_SUPBUF;74LVC125AD Nexperia SO14 + adapter (Ioff);13;3V3_IO
P07;U_SUPBUF;74LVC125AD Nexperia SO14 + adapter (Ioff);12;GND
P07;U_SUPBUF;74LVC125AD Nexperia SO14 + adapter (Ioff);11;NC
P07;C_U_SUPBUF;100nF;1;P07_3V3
P07;C_U_SUPBUF;100nF;2;GND
P08;U_SUPBUF;74LVC125AD Nexperia SO14 + adapter (Ioff);7;GND
P08;U_SUPBUF;74LVC125AD Nexperia SO14 + adapter (Ioff);14;3V3_IO
P08;U_SUPBUF;74LVC125AD Nexperia SO14 + adapter (Ioff);1;GND
P08;U_SUPBUF;74LVC125AD Nexperia SO14 + adapter (Ioff);2;P08_SUP5_RAW
P08;U_SUPBUF;74LVC125AD Nexperia SO14 + adapter (Ioff);3;P08_SUP5_N
P08;U_SUPBUF;74LVC125AD Nexperia SO14 + adapter (Ioff);4;3V3_IO
P08;U_SUPBUF;74LVC125AD Nexperia SO14 + adapter (Ioff);5;GND
P08;U_SUPBUF;74LVC125AD Nexperia SO14 + adapter (Ioff);6;NC
P08;U_SUPBUF;74LVC125AD Nexperia SO14 + adapter (Ioff);10;3V3_IO
P08;U_SUPBUF;74LVC125AD Nexperia SO14 + adapter (Ioff);9;GND
P08;U_SUPBUF;74LVC125AD Nexperia SO14 + adapter (Ioff);8;NC
P08;U_SUPBUF;74LVC125AD Nexperia SO14 + adapter (Ioff);13;3V3_IO
P08;U_SUPBUF;74LVC125AD Nexperia SO14 + adapter (Ioff);12;GND
P08;U_SUPBUF;74LVC125AD Nexperia SO14 + adapter (Ioff);11;NC
P08;C_U_SUPBUF;100nF;1;3V3_IO
P08;C_U_SUPBUF;100nF;2;GND
P05;R_SUP5_RAW;10k;1;P05_SUP5_RAW
P05;R_SUP5_RAW;10k;2;5V_SYS
P05;U_SUPBUF;74LVC125AD Nexperia SO14 + adapter (Ioff);7;GND
P05;U_SUPBUF;74LVC125AD Nexperia SO14 + adapter (Ioff);14;3V3_IO
P05;U_SUPBUF;74LVC125AD Nexperia SO14 + adapter (Ioff);1;GND
P05;U_SUPBUF;74LVC125AD Nexperia SO14 + adapter (Ioff);2;P05_SUP5_RAW
P05;U_SUPBUF;74LVC125AD Nexperia SO14 + adapter (Ioff);3;P05_SUP5_N
P05;U_SUPBUF;74LVC125AD Nexperia SO14 + adapter (Ioff);4;3V3_IO
P05;U_SUPBUF;74LVC125AD Nexperia SO14 + adapter (Ioff);5;GND
P05;U_SUPBUF;74LVC125AD Nexperia SO14 + adapter (Ioff);6;NC
P05;U_SUPBUF;74LVC125AD Nexperia SO14 + adapter (Ioff);10;3V3_IO
P05;U_SUPBUF;74LVC125AD Nexperia SO14 + adapter (Ioff);9;GND
P05;U_SUPBUF;74LVC125AD Nexperia SO14 + adapter (Ioff);8;NC
P05;U_SUPBUF;74LVC125AD Nexperia SO14 + adapter (Ioff);13;3V3_IO
P05;U_SUPBUF;74LVC125AD Nexperia SO14 + adapter (Ioff);12;GND
P05;U_SUPBUF;74LVC125AD Nexperia SO14 + adapter (Ioff);11;NC
P05;C_U_SUPBUF;100nF;1;3V3_IO
P05;C_U_SUPBUF;100nF;2;GND
P04;U_LINK;SN74HC08N DIP14;7;GND
P04;U_LINK;SN74HC08N DIP14;14;3V3_IO
P04;U_LINK;SN74HC08N DIP14;1;PSU_OK_P04
P04;U_LINK;SN74HC08N DIP14;2;DAQ_OK_P04
P04;U_LINK;SN74HC08N DIP14;3;OK_A
P04;U_LINK;SN74HC08N DIP14;4;DRIVE_OK_P04
P04;U_LINK;SN74HC08N DIP14;5;SENSOR_OK_P04
P04;U_LINK;SN74HC08N DIP14;6;OK_B
P04;U_LINK;SN74HC08N DIP14;9;CORE_LINK_P04
P04;U_LINK;SN74HC08N DIP14;10;PG_LINK_P04
P04;U_LINK;SN74HC08N DIP14;8;OK_C
P04;U_LINK;SN74HC08N DIP14;12;OK_A
P04;U_LINK;SN74HC08N DIP14;13;OK_B
P04;U_LINK;SN74HC08N DIP14;11;OK_AB
P04;C_U_LINK;100nF;1;3V3_IO
P04;C_U_LINK;100nF;2;GND
P04;U_LINK2;SN74HC08N DIP14;7;GND
P04;U_LINK2;SN74HC08N DIP14;14;3V3_IO
P04;U_LINK2;SN74HC08N DIP14;1;OK_AB
P04;U_LINK2;SN74HC08N DIP14;2;OK_C
P04;U_LINK2;SN74HC08N DIP14;3;MODULES_OK
P04;U_LINK2;SN74HC08N DIP14;4;MODULES_OK
P04;U_LINK2;SN74HC08N DIP14;5;MECH_OK
P04;U_LINK2;SN74HC08N DIP14;6;INTERLOCK
P04;U_LINK2;SN74HC08N DIP14;9;GND
P04;U_LINK2;SN74HC08N DIP14;10;GND
P04;U_LINK2;SN74HC08N DIP14;8;NC
P04;U_LINK2;SN74HC08N DIP14;12;GND
P04;U_LINK2;SN74HC08N DIP14;13;GND
P04;U_LINK2;SN74HC08N DIP14;11;NC
P04;C_U_LINK2;100nF;1;3V3_IO
P04;C_U_LINK2;100nF;2;GND
P04;R_LINK_PSU_OK;10k;1;PSU_OK_P04
P04;R_LINK_PSU_OK;10k;2;GND
P04;R_LINK_DAQ_OK;10k;1;DAQ_OK_P04
P04;R_LINK_DAQ_OK;10k;2;GND
P04;R_LINK_DRIVE_OK;10k;1;DRIVE_OK_P04
P04;R_LINK_DRIVE_OK;10k;2;GND
P04;R_LINK_SENSOR_OK;10k;1;SENSOR_OK_P04
P04;R_LINK_SENSOR_OK;10k;2;GND
P04;R_LINK_CORE_LINK;10k;1;CORE_LINK_P04
P04;R_LINK_CORE_LINK;10k;2;GND
P04;R_LINK_PG_LINK;10k;1;PG_LINK_P04
P04;R_LINK_PG_LINK;10k;2;GND
P04;R_LINK_MECH_OK;10k;1;MECH_OK
P04;R_LINK_MECH_OK;10k;2;GND
P04;R_LINK_INTERLOCK;10k;1;INTERLOCK
P04;R_LINK_INTERLOCK;10k;2;GND
P01;J_PRES;Obecnosc P01 - petla 2-pin;1;PG_SEND
P01;J_PRES;Obecnosc P01 - petla 2-pin;2;PG_LINK
P01;W_PRES;0R;1;PG_SEND
P01;W_PRES;0R;2;PG_LINK
P04;W_SEND;0R;1;3V3_IO
P04;W_SEND;0R;2;PG_SEND
P03;W_LINK;0R;1;3V3_CORE
P03;W_LINK;0R;2;CORE_LINK
P03;U_IN1;74LVC125AD Nexperia SO14 + adapter (Ioff);7;GND
P03;U_IN1;74LVC125AD Nexperia SO14 + adapter (Ioff);14;3V3_CORE
P03;U_IN1;74LVC125AD Nexperia SO14 + adapter (Ioff);1;GND
P03;U_IN1;74LVC125AD Nexperia SO14 + adapter (Ioff);2;ADC_DOUTA
P03;U_IN1;74LVC125AD Nexperia SO14 + adapter (Ioff);3;ADC_DOUTA_CORE
P03;U_IN1;74LVC125AD Nexperia SO14 + adapter (Ioff);4;GND
P03;U_IN1;74LVC125AD Nexperia SO14 + adapter (Ioff);5;ADC_BUSY
P03;U_IN1;74LVC125AD Nexperia SO14 + adapter (Ioff);6;ADC_BUSY_CORE
P03;U_IN1;74LVC125AD Nexperia SO14 + adapter (Ioff);10;GND
P03;U_IN1;74LVC125AD Nexperia SO14 + adapter (Ioff);9;SPI3_MISO
P03;U_IN1;74LVC125AD Nexperia SO14 + adapter (Ioff);8;SPI3_MISO_CORE
P03;U_IN1;74LVC125AD Nexperia SO14 + adapter (Ioff);13;GND
P03;U_IN1;74LVC125AD Nexperia SO14 + adapter (Ioff);12;CAN_RX
P03;U_IN1;74LVC125AD Nexperia SO14 + adapter (Ioff);11;CAN_RX_CORE
P03;C_U_IN1;100nF;1;3V3_CORE
P03;C_U_IN1;100nF;2;GND
P03;U_IN2;74LVC125AD Nexperia SO14 + adapter (Ioff);7;GND
P03;U_IN2;74LVC125AD Nexperia SO14 + adapter (Ioff);14;3V3_CORE
P03;U_IN2;74LVC125AD Nexperia SO14 + adapter (Ioff);1;GND
P03;U_IN2;74LVC125AD Nexperia SO14 + adapter (Ioff);2;HW_ARMED
P03;U_IN2;74LVC125AD Nexperia SO14 + adapter (Ioff);3;HW_ARMED_CORE
P03;U_IN2;74LVC125AD Nexperia SO14 + adapter (Ioff);4;GND
P03;U_IN2;74LVC125AD Nexperia SO14 + adapter (Ioff);5;INTERLOCK
P03;U_IN2;74LVC125AD Nexperia SO14 + adapter (Ioff);6;INTERLOCK_CORE
P03;U_IN2;74LVC125AD Nexperia SO14 + adapter (Ioff);10;GND
P03;U_IN2;74LVC125AD Nexperia SO14 + adapter (Ioff);9;LOGGER_CURRENT_OK
P03;U_IN2;74LVC125AD Nexperia SO14 + adapter (Ioff);8;LOGGER_CURRENT_OK_CORE
P03;U_IN2;74LVC125AD Nexperia SO14 + adapter (Ioff);13;GND
P03;U_IN2;74LVC125AD Nexperia SO14 + adapter (Ioff);12;SENSOR_FAULT_N
P03;U_IN2;74LVC125AD Nexperia SO14 + adapter (Ioff);11;SENSOR_FAULT_N_CORE
P03;C_U_IN2;100nF;1;3V3_CORE
P03;C_U_IN2;100nF;2;GND
P03;U_IN3;74LVC125AD Nexperia SO14 + adapter (Ioff);7;GND
P03;U_IN3;74LVC125AD Nexperia SO14 + adapter (Ioff);14;3V3_CORE
P03;U_IN3;74LVC125AD Nexperia SO14 + adapter (Ioff);1;GND
P03;U_IN3;74LVC125AD Nexperia SO14 + adapter (Ioff);2;ENA_DIAG
P03;U_IN3;74LVC125AD Nexperia SO14 + adapter (Ioff);3;ENA_DIAG_CORE
P03;U_IN3;74LVC125AD Nexperia SO14 + adapter (Ioff);4;GND
P03;U_IN3;74LVC125AD Nexperia SO14 + adapter (Ioff);5;ENB_DIAG
P03;U_IN3;74LVC125AD Nexperia SO14 + adapter (Ioff);6;ENB_DIAG_CORE
P03;U_IN3;74LVC125AD Nexperia SO14 + adapter (Ioff);10;GND
P03;U_IN3;74LVC125AD Nexperia SO14 + adapter (Ioff);9;LOGGER_CLEAR
P03;U_IN3;74LVC125AD Nexperia SO14 + adapter (Ioff);8;LOGGER_CLEAR_CORE
P03;U_IN3;74LVC125AD Nexperia SO14 + adapter (Ioff);13;GND
P03;U_IN3;74LVC125AD Nexperia SO14 + adapter (Ioff);12;TEST_PRESENT
P03;U_IN3;74LVC125AD Nexperia SO14 + adapter (Ioff);11;TEST_PRESENT_CORE
P03;C_U_IN3;100nF;1;3V3_CORE
P03;C_U_IN3;100nF;2;GND
P03;U_IN4;74LVC125AD Nexperia SO14 + adapter (Ioff);7;GND
P03;U_IN4;74LVC125AD Nexperia SO14 + adapter (Ioff);14;3V3_CORE
P03;U_IN4;74LVC125AD Nexperia SO14 + adapter (Ioff);1;GND
P03;U_IN4;74LVC125AD Nexperia SO14 + adapter (Ioff);2;TEST_KEY
P03;U_IN4;74LVC125AD Nexperia SO14 + adapter (Ioff);3;TEST_KEY_CORE
P03;U_IN4;74LVC125AD Nexperia SO14 + adapter (Ioff);4;3V3_IO
P03;U_IN4;74LVC125AD Nexperia SO14 + adapter (Ioff);5;GND
P03;U_IN4;74LVC125AD Nexperia SO14 + adapter (Ioff);6;NC
P03;U_IN4;74LVC125AD Nexperia SO14 + adapter (Ioff);10;3V3_IO
P03;U_IN4;74LVC125AD Nexperia SO14 + adapter (Ioff);9;GND
P03;U_IN4;74LVC125AD Nexperia SO14 + adapter (Ioff);8;NC
P03;U_IN4;74LVC125AD Nexperia SO14 + adapter (Ioff);13;3V3_IO
P03;U_IN4;74LVC125AD Nexperia SO14 + adapter (Ioff);12;GND
P03;U_IN4;74LVC125AD Nexperia SO14 + adapter (Ioff);11;NC
P03;C_U_IN4;100nF;1;3V3_CORE
P03;C_U_IN4;100nF;2;GND
P05;U_RX1;74LVC125AD Nexperia SO14 + adapter (Ioff);7;GND
P05;U_RX1;74LVC125AD Nexperia SO14 + adapter (Ioff);14;3V3_IO
P05;U_RX1;74LVC125AD Nexperia SO14 + adapter (Ioff);1;GND
P05;U_RX1;74LVC125AD Nexperia SO14 + adapter (Ioff);2;ADC_SCLK
P05;U_RX1;74LVC125AD Nexperia SO14 + adapter (Ioff);3;ADC_SCLK_P05
P05;U_RX1;74LVC125AD Nexperia SO14 + adapter (Ioff);4;GND
P05;U_RX1;74LVC125AD Nexperia SO14 + adapter (Ioff);5;ADC_SDI
P05;U_RX1;74LVC125AD Nexperia SO14 + adapter (Ioff);6;ADC_SDI_P05
P05;U_RX1;74LVC125AD Nexperia SO14 + adapter (Ioff);10;GND
P05;U_RX1;74LVC125AD Nexperia SO14 + adapter (Ioff);9;ADC_CS
P05;U_RX1;74LVC125AD Nexperia SO14 + adapter (Ioff);8;ADC_CS_P05
P05;U_RX1;74LVC125AD Nexperia SO14 + adapter (Ioff);13;GND
P05;U_RX1;74LVC125AD Nexperia SO14 + adapter (Ioff);12;ADC_CONVST
P05;U_RX1;74LVC125AD Nexperia SO14 + adapter (Ioff);11;ADC_CONVST_P05
P05;C_U_RX1;100nF;1;3V3_IO
P05;C_U_RX1;100nF;2;GND
P05;U_RX2;74LVC125AD Nexperia SO14 + adapter (Ioff);7;GND
P05;U_RX2;74LVC125AD Nexperia SO14 + adapter (Ioff);14;3V3_IO
P05;U_RX2;74LVC125AD Nexperia SO14 + adapter (Ioff);1;GND
P05;U_RX2;74LVC125AD Nexperia SO14 + adapter (Ioff);2;ADC_RESET
P05;U_RX2;74LVC125AD Nexperia SO14 + adapter (Ioff);3;ADC_RESET_P05
P05;U_RX2;74LVC125AD Nexperia SO14 + adapter (Ioff);4;GND
P05;U_RX2;74LVC125AD Nexperia SO14 + adapter (Ioff);5;MEAS_EN
P05;U_RX2;74LVC125AD Nexperia SO14 + adapter (Ioff);6;MEAS_EN_P05
P05;U_RX2;74LVC125AD Nexperia SO14 + adapter (Ioff);10;3V3_IO
P05;U_RX2;74LVC125AD Nexperia SO14 + adapter (Ioff);9;GND
P05;U_RX2;74LVC125AD Nexperia SO14 + adapter (Ioff);8;NC
P05;U_RX2;74LVC125AD Nexperia SO14 + adapter (Ioff);13;3V3_IO
P05;U_RX2;74LVC125AD Nexperia SO14 + adapter (Ioff);12;GND
P05;U_RX2;74LVC125AD Nexperia SO14 + adapter (Ioff);11;NC
P05;C_U_RX2;100nF;1;3V3_IO
P05;C_U_RX2;100nF;2;GND
P05;R_ADC_CS_P05;10k;1;ADC_CS_P05
P05;R_ADC_CS_P05;10k;2;3V3_IO
P05;R_LOCAL_MEAS_EN_P05;10k;1;MEAS_EN_P05
P05;R_LOCAL_MEAS_EN_P05;10k;2;GND
P05;R_LOCAL_ADC_CONVST_P05;10k;1;ADC_CONVST_P05
P05;R_LOCAL_ADC_CONVST_P05;10k;2;GND
P05;R_LOCAL_ADC_RESET_P05;10k;1;ADC_RESET_P05
P05;R_LOCAL_ADC_RESET_P05;10k;2;GND
P09;U_RX1;74LVC125AD Nexperia SO14 + adapter (Ioff);7;GND
P09;U_RX1;74LVC125AD Nexperia SO14 + adapter (Ioff);14;3V3_IO
P09;U_RX1;74LVC125AD Nexperia SO14 + adapter (Ioff);1;GND
P09;U_RX1;74LVC125AD Nexperia SO14 + adapter (Ioff);2;SPI3_SCLK
P09;U_RX1;74LVC125AD Nexperia SO14 + adapter (Ioff);3;SPI3_SCLK_P09
P09;U_RX1;74LVC125AD Nexperia SO14 + adapter (Ioff);4;GND
P09;U_RX1;74LVC125AD Nexperia SO14 + adapter (Ioff);5;SPI3_MOSI
P09;U_RX1;74LVC125AD Nexperia SO14 + adapter (Ioff);6;SPI3_MOSI_P09
P09;U_RX1;74LVC125AD Nexperia SO14 + adapter (Ioff);10;GND
P09;U_RX1;74LVC125AD Nexperia SO14 + adapter (Ioff);9;TC1_CS
P09;U_RX1;74LVC125AD Nexperia SO14 + adapter (Ioff);8;TC1_CS_P09
P09;U_RX1;74LVC125AD Nexperia SO14 + adapter (Ioff);13;GND
P09;U_RX1;74LVC125AD Nexperia SO14 + adapter (Ioff);12;TC2_CS
P09;U_RX1;74LVC125AD Nexperia SO14 + adapter (Ioff);11;TC2_CS_P09
P09;C_U_RX1;100nF;1;3V3_IO
P09;C_U_RX1;100nF;2;GND
P09;U_TX;74LVC125AD Nexperia SO14 + adapter (Ioff);7;GND
P09;U_TX;74LVC125AD Nexperia SO14 + adapter (Ioff);14;3V3_IO
P09;U_TX;74LVC125AD Nexperia SO14 + adapter (Ioff);1;TC1_CS_P09
P09;U_TX;74LVC125AD Nexperia SO14 + adapter (Ioff);2;TC1_MISO
P09;U_TX;74LVC125AD Nexperia SO14 + adapter (Ioff);3;SPI3_MISO
P09;U_TX;74LVC125AD Nexperia SO14 + adapter (Ioff);4;TC2_CS_P09
P09;U_TX;74LVC125AD Nexperia SO14 + adapter (Ioff);5;TC2_MISO
P09;U_TX;74LVC125AD Nexperia SO14 + adapter (Ioff);6;SPI3_MISO
P09;U_TX;74LVC125AD Nexperia SO14 + adapter (Ioff);10;3V3_IO
P09;U_TX;74LVC125AD Nexperia SO14 + adapter (Ioff);9;GND
P09;U_TX;74LVC125AD Nexperia SO14 + adapter (Ioff);8;NC
P09;U_TX;74LVC125AD Nexperia SO14 + adapter (Ioff);13;3V3_IO
P09;U_TX;74LVC125AD Nexperia SO14 + adapter (Ioff);12;GND
P09;U_TX;74LVC125AD Nexperia SO14 + adapter (Ioff);11;NC
P09;C_U_TX;100nF;1;3V3_IO
P09;C_U_TX;100nF;2;GND
P05;U_TX;74LVC125AD Nexperia SO14 + adapter (Ioff);7;GND
P05;U_TX;74LVC125AD Nexperia SO14 + adapter (Ioff);14;3V3_IO
P05;U_TX;74LVC125AD Nexperia SO14 + adapter (Ioff);1;ADC_CS_P05
P05;U_TX;74LVC125AD Nexperia SO14 + adapter (Ioff);2;AD_DOUT_LOCAL
P05;U_TX;74LVC125AD Nexperia SO14 + adapter (Ioff);3;ADC_DOUTA
P05;U_TX;74LVC125AD Nexperia SO14 + adapter (Ioff);4;3V3_IO
P05;U_TX;74LVC125AD Nexperia SO14 + adapter (Ioff);5;GND
P05;U_TX;74LVC125AD Nexperia SO14 + adapter (Ioff);6;NC
P05;U_TX;74LVC125AD Nexperia SO14 + adapter (Ioff);10;3V3_IO
P05;U_TX;74LVC125AD Nexperia SO14 + adapter (Ioff);9;GND
P05;U_TX;74LVC125AD Nexperia SO14 + adapter (Ioff);8;NC
P05;U_TX;74LVC125AD Nexperia SO14 + adapter (Ioff);13;3V3_IO
P05;U_TX;74LVC125AD Nexperia SO14 + adapter (Ioff);12;GND
P05;U_TX;74LVC125AD Nexperia SO14 + adapter (Ioff);11;NC
P05;C_U_TX;100nF;1;3V3_IO
P05;C_U_TX;100nF;2;GND
P04;U_RX1;74LVC125AD Nexperia SO14 + adapter (Ioff);7;GND
P04;U_RX1;74LVC125AD Nexperia SO14 + adapter (Ioff);14;3V3_IO
P04;U_RX1;74LVC125AD Nexperia SO14 + adapter (Ioff);1;GND
P04;U_RX1;74LVC125AD Nexperia SO14 + adapter (Ioff);2;PWM
P04;U_RX1;74LVC125AD Nexperia SO14 + adapter (Ioff);3;PWM_P04
P04;U_RX1;74LVC125AD Nexperia SO14 + adapter (Ioff);4;GND
P04;U_RX1;74LVC125AD Nexperia SO14 + adapter (Ioff);5;HEARTBEAT
P04;U_RX1;74LVC125AD Nexperia SO14 + adapter (Ioff);6;HEARTBEAT_P04
P04;U_RX1;74LVC125AD Nexperia SO14 + adapter (Ioff);10;GND
P04;U_RX1;74LVC125AD Nexperia SO14 + adapter (Ioff);9;MCU_ARM
P04;U_RX1;74LVC125AD Nexperia SO14 + adapter (Ioff);8;MCU_ARM_P04
P04;U_RX1;74LVC125AD Nexperia SO14 + adapter (Ioff);13;GND
P04;U_RX1;74LVC125AD Nexperia SO14 + adapter (Ioff);12;SENSOR_ENABLE
P04;U_RX1;74LVC125AD Nexperia SO14 + adapter (Ioff);11;SENSOR_ENABLE_P04
P04;C_U_RX1;100nF;1;3V3_IO
P04;C_U_RX1;100nF;2;GND
P04;U_RX2;74LVC125AD Nexperia SO14 + adapter (Ioff);7;GND
P04;U_RX2;74LVC125AD Nexperia SO14 + adapter (Ioff);14;3V3_IO
P04;U_RX2;74LVC125AD Nexperia SO14 + adapter (Ioff);1;GND
P04;U_RX2;74LVC125AD Nexperia SO14 + adapter (Ioff);2;CORE_LINK
P04;U_RX2;74LVC125AD Nexperia SO14 + adapter (Ioff);3;CORE_LINK_P04
P04;U_RX2;74LVC125AD Nexperia SO14 + adapter (Ioff);4;GND
P04;U_RX2;74LVC125AD Nexperia SO14 + adapter (Ioff);5;SUP_N
P04;U_RX2;74LVC125AD Nexperia SO14 + adapter (Ioff);6;SUP_N_P04
P04;U_RX2;74LVC125AD Nexperia SO14 + adapter (Ioff);10;GND
P04;U_RX2;74LVC125AD Nexperia SO14 + adapter (Ioff);9;PSU_OK
P04;U_RX2;74LVC125AD Nexperia SO14 + adapter (Ioff);8;PSU_OK_P04
P04;U_RX2;74LVC125AD Nexperia SO14 + adapter (Ioff);13;GND
P04;U_RX2;74LVC125AD Nexperia SO14 + adapter (Ioff);12;DAQ_OK
P04;U_RX2;74LVC125AD Nexperia SO14 + adapter (Ioff);11;DAQ_OK_P04
P04;C_U_RX2;100nF;1;3V3_IO
P04;C_U_RX2;100nF;2;GND
P04;U_RX3;74LVC125AD Nexperia SO14 + adapter (Ioff);7;GND
P04;U_RX3;74LVC125AD Nexperia SO14 + adapter (Ioff);14;3V3_IO
P04;U_RX3;74LVC125AD Nexperia SO14 + adapter (Ioff);1;GND
P04;U_RX3;74LVC125AD Nexperia SO14 + adapter (Ioff);2;DRIVE_OK
P04;U_RX3;74LVC125AD Nexperia SO14 + adapter (Ioff);3;DRIVE_OK_P04
P04;U_RX3;74LVC125AD Nexperia SO14 + adapter (Ioff);4;GND
P04;U_RX3;74LVC125AD Nexperia SO14 + adapter (Ioff);5;SENSOR_OK
P04;U_RX3;74LVC125AD Nexperia SO14 + adapter (Ioff);6;SENSOR_OK_P04
P04;U_RX3;74LVC125AD Nexperia SO14 + adapter (Ioff);10;GND
P04;U_RX3;74LVC125AD Nexperia SO14 + adapter (Ioff);9;PG_LINK
P04;U_RX3;74LVC125AD Nexperia SO14 + adapter (Ioff);8;PG_LINK_P04
P04;U_RX3;74LVC125AD Nexperia SO14 + adapter (Ioff);13;3V3_IO
P04;U_RX3;74LVC125AD Nexperia SO14 + adapter (Ioff);12;GND
P04;U_RX3;74LVC125AD Nexperia SO14 + adapter (Ioff);11;NC
P04;C_U_RX3;100nF;1;3V3_IO
P04;C_U_RX3;100nF;2;GND
P07;U_RX1;74LVC125AD Nexperia SO14 + adapter (Ioff);7;GND
P07;U_RX1;74LVC125AD Nexperia SO14 + adapter (Ioff);14;P07_3V3
P07;U_RX1;74LVC125AD Nexperia SO14 + adapter (Ioff);1;GND
P07;U_RX1;74LVC125AD Nexperia SO14 + adapter (Ioff);2;MOTOR_PERMIT
P07;U_RX1;74LVC125AD Nexperia SO14 + adapter (Ioff);3;MOTOR_PERMIT_P07
P07;U_RX1;74LVC125AD Nexperia SO14 + adapter (Ioff);4;GND
P07;U_RX1;74LVC125AD Nexperia SO14 + adapter (Ioff);5;ARM_CLK
P07;U_RX1;74LVC125AD Nexperia SO14 + adapter (Ioff);6;ARM_CLK_P07
P07;U_RX1;74LVC125AD Nexperia SO14 + adapter (Ioff);10;GND
P07;U_RX1;74LVC125AD Nexperia SO14 + adapter (Ioff);9;PWM_OUT
P07;U_RX1;74LVC125AD Nexperia SO14 + adapter (Ioff);8;PWM_OUT_P07
P07;U_RX1;74LVC125AD Nexperia SO14 + adapter (Ioff);13;GND
P07;U_RX1;74LVC125AD Nexperia SO14 + adapter (Ioff);12;MOTOR_INA
P07;U_RX1;74LVC125AD Nexperia SO14 + adapter (Ioff);11;MOTOR_INA_P07
P07;C_U_RX1;100nF;1;P07_3V3
P07;C_U_RX1;100nF;2;GND
P07;U_RX2;74LVC125AD Nexperia SO14 + adapter (Ioff);7;GND
P07;U_RX2;74LVC125AD Nexperia SO14 + adapter (Ioff);14;P07_3V3
P07;U_RX2;74LVC125AD Nexperia SO14 + adapter (Ioff);1;GND
P07;U_RX2;74LVC125AD Nexperia SO14 + adapter (Ioff);2;MOTOR_INB
P07;U_RX2;74LVC125AD Nexperia SO14 + adapter (Ioff);3;MOTOR_INB_P07
P07;U_RX2;74LVC125AD Nexperia SO14 + adapter (Ioff);4;3V3_IO
P07;U_RX2;74LVC125AD Nexperia SO14 + adapter (Ioff);5;GND
P07;U_RX2;74LVC125AD Nexperia SO14 + adapter (Ioff);6;NC
P07;U_RX2;74LVC125AD Nexperia SO14 + adapter (Ioff);10;3V3_IO
P07;U_RX2;74LVC125AD Nexperia SO14 + adapter (Ioff);9;GND
P07;U_RX2;74LVC125AD Nexperia SO14 + adapter (Ioff);8;NC
P07;U_RX2;74LVC125AD Nexperia SO14 + adapter (Ioff);13;3V3_IO
P07;U_RX2;74LVC125AD Nexperia SO14 + adapter (Ioff);12;GND
P07;U_RX2;74LVC125AD Nexperia SO14 + adapter (Ioff);11;NC
P07;C_U_RX2;100nF;1;P07_3V3
P07;C_U_RX2;100nF;2;GND
P08;U_RX1;74LVC125AD Nexperia SO14 + adapter (Ioff);7;GND
P08;U_RX1;74LVC125AD Nexperia SO14 + adapter (Ioff);14;3V3_IO
P08;U_RX1;74LVC125AD Nexperia SO14 + adapter (Ioff);1;GND
P08;U_RX1;74LVC125AD Nexperia SO14 + adapter (Ioff);2;SENSOR_PERMIT
P08;U_RX1;74LVC125AD Nexperia SO14 + adapter (Ioff);3;SENSOR_PERMIT_P08
P08;U_RX1;74LVC125AD Nexperia SO14 + adapter (Ioff);4;3V3_IO
P08;U_RX1;74LVC125AD Nexperia SO14 + adapter (Ioff);5;GND
P08;U_RX1;74LVC125AD Nexperia SO14 + adapter (Ioff);6;NC
P08;U_RX1;74LVC125AD Nexperia SO14 + adapter (Ioff);10;3V3_IO
P08;U_RX1;74LVC125AD Nexperia SO14 + adapter (Ioff);9;GND
P08;U_RX1;74LVC125AD Nexperia SO14 + adapter (Ioff);8;NC
P08;U_RX1;74LVC125AD Nexperia SO14 + adapter (Ioff);13;3V3_IO
P08;U_RX1;74LVC125AD Nexperia SO14 + adapter (Ioff);12;GND
P08;U_RX1;74LVC125AD Nexperia SO14 + adapter (Ioff);11;NC
P08;C_U_RX1;100nF;1;3V3_IO
P08;C_U_RX1;100nF;2;GND
P10;U_RX1;74LVC125AD Nexperia SO14 + adapter (Ioff);7;GND
P10;U_RX1;74LVC125AD Nexperia SO14 + adapter (Ioff);14;3V3_IO
P10;U_RX1;74LVC125AD Nexperia SO14 + adapter (Ioff);1;GND
P10;U_RX1;74LVC125AD Nexperia SO14 + adapter (Ioff);2;CAN_TX
P10;U_RX1;74LVC125AD Nexperia SO14 + adapter (Ioff);3;CAN_TX_P10
P10;U_RX1;74LVC125AD Nexperia SO14 + adapter (Ioff);4;3V3_IO
P10;U_RX1;74LVC125AD Nexperia SO14 + adapter (Ioff);5;GND
P10;U_RX1;74LVC125AD Nexperia SO14 + adapter (Ioff);6;NC
P10;U_RX1;74LVC125AD Nexperia SO14 + adapter (Ioff);10;3V3_IO
P10;U_RX1;74LVC125AD Nexperia SO14 + adapter (Ioff);9;GND
P10;U_RX1;74LVC125AD Nexperia SO14 + adapter (Ioff);8;NC
P10;U_RX1;74LVC125AD Nexperia SO14 + adapter (Ioff);13;3V3_IO
P10;U_RX1;74LVC125AD Nexperia SO14 + adapter (Ioff);12;GND
P10;U_RX1;74LVC125AD Nexperia SO14 + adapter (Ioff);11;NC
P10;C_U_RX1;100nF;1;3V3_IO
P10;C_U_RX1;100nF;2;GND
P03;R_SUP_PU;10k;1;SUP_N
P03;R_SUP_PU;10k;2;3V3_CORE
P03;U5;TPS3808G33DBVR;1;SUP_N
P03;U5;TPS3808G33DBVR;2;GND
P03;U5;TPS3808G33DBVR;3;3V3_CORE
P03;U5;TPS3808G33DBVR;4;NC
P03;U5;TPS3808G33DBVR;5;3V3_CORE
P03;U5;TPS3808G33DBVR;6;3V3_CORE
P03;C_DEC_U5_6;100nF X7R;1;3V3_CORE
P03;C_DEC_U5_6;100nF X7R;2;GND
P04;R_EXT_PSU_OK;10k;1;PSU_OK
P04;R_EXT_PSU_OK;10k;2;GND
P04;R_EXT_DAQ_OK;10k;1;DAQ_OK
P04;R_EXT_DAQ_OK;10k;2;GND
P04;R_EXT_DRIVE_OK;10k;1;DRIVE_OK
P04;R_EXT_DRIVE_OK;10k;2;GND
P04;R_EXT_SENSOR_OK;10k;1;SENSOR_OK
P04;R_EXT_SENSOR_OK;10k;2;GND
P04;R_EXT_CORE_LINK;10k;1;CORE_LINK
P04;R_EXT_CORE_LINK;10k;2;GND
P04;R_EXT_PG_LINK;10k;1;PG_LINK
P04;R_EXT_PG_LINK;10k;2;GND
P04;R_EXT_PWM;10k;1;PWM
P04;R_EXT_PWM;10k;2;GND
P04;R_EXT_HEARTBEAT;10k;1;HEARTBEAT
P04;R_EXT_HEARTBEAT;10k;2;GND
P04;R_EXT_MCU_ARM;10k;1;MCU_ARM
P04;R_EXT_MCU_ARM;10k;2;GND
P04;R_EXT_SENSOR_ENABLE;10k;1;SENSOR_ENABLE
P04;R_EXT_SENSOR_ENABLE;10k;2;GND
P04;R_EXT_SUP_N;100k;1;SUP_N
P04;R_EXT_SUP_N;100k;2;GND
P07;R_EXT_MOTOR_PERMIT;10k;1;MOTOR_PERMIT
P07;R_EXT_MOTOR_PERMIT;10k;2;GND
P07;R_EXT_ARM_CLK;10k;1;ARM_CLK
P07;R_EXT_ARM_CLK;10k;2;GND
P07;R_EXT_PWM_OUT;10k;1;PWM_OUT
P07;R_EXT_PWM_OUT;10k;2;GND
P07;R_EXT_MOTOR_INA;10k;1;MOTOR_INA
P07;R_EXT_MOTOR_INA;10k;2;GND
P07;R_EXT_MOTOR_INB;10k;1;MOTOR_INB
P07;R_EXT_MOTOR_INB;10k;2;GND
P08;R_EXT_SENSOR;10k;1;SENSOR_PERMIT
P08;R_EXT_SENSOR;10k;2;GND
P08;R_FAULT_PU;10k;1;SENSOR_FAULT_N
P08;R_FAULT_PU;10k;2;3V3_IO
P05;R_EXT_ADC_CS;10k;1;ADC_CS
P05;R_EXT_ADC_CS;10k;2;3V3_IO
P06;R_EXT_CS_ILOG_N;10k;1;CS_ILOG_N
P06;R_EXT_CS_ILOG_N;10k;2;P06_3V3
P07;R_EXT_CS_ITEST_N;10k;1;CS_ITEST_N
P07;R_EXT_CS_ITEST_N;10k;2;P07_3V3
P09;R_EXT_TC1_CS;10k;1;TC1_CS
P09;R_EXT_TC1_CS;10k;2;3V3_IO
P09;R_EXT_TC2_CS;10k;1;TC2_CS
P09;R_EXT_TC2_CS;10k;2;3V3_IO
P05;R_EXT_ADC_SCLK;10k;1;ADC_SCLK
P05;R_EXT_ADC_SCLK;10k;2;GND
P05;R_EXT_ADC_SDI;10k;1;ADC_SDI
P05;R_EXT_ADC_SDI;10k;2;GND
P05;R_EXT_ADC_CONVST;10k;1;ADC_CONVST
P05;R_EXT_ADC_CONVST;10k;2;GND
P05;R_EXT_ADC_RESET;10k;1;ADC_RESET
P05;R_EXT_ADC_RESET;10k;2;GND
P05;R_EXT_MEAS_EN;10k;1;MEAS_EN
P05;R_EXT_MEAS_EN;10k;2;GND
P03;U_OUT1;74LVC125AD Nexperia SO14 + adapter (Ioff);7;GND
P03;U_OUT1;74LVC125AD Nexperia SO14 + adapter (Ioff);14;3V3_CORE
P03;U_OUT1;74LVC125AD Nexperia SO14 + adapter (Ioff);1;GND
P03;U_OUT1;74LVC125AD Nexperia SO14 + adapter (Ioff);2;ADC_CS_SRC
P03;U_OUT1;74LVC125AD Nexperia SO14 + adapter (Ioff);3;ADC_CS
P03;U_OUT1;74LVC125AD Nexperia SO14 + adapter (Ioff);4;GND
P03;U_OUT1;74LVC125AD Nexperia SO14 + adapter (Ioff);5;ADC_SCLK_SRC
P03;U_OUT1;74LVC125AD Nexperia SO14 + adapter (Ioff);6;ADC_SCLK
P03;U_OUT1;74LVC125AD Nexperia SO14 + adapter (Ioff);10;GND
P03;U_OUT1;74LVC125AD Nexperia SO14 + adapter (Ioff);9;ADC_SDI_SRC
P03;U_OUT1;74LVC125AD Nexperia SO14 + adapter (Ioff);8;ADC_SDI
P03;U_OUT1;74LVC125AD Nexperia SO14 + adapter (Ioff);13;GND
P03;U_OUT1;74LVC125AD Nexperia SO14 + adapter (Ioff);12;ADC_CONVST_SRC
P03;U_OUT1;74LVC125AD Nexperia SO14 + adapter (Ioff);11;ADC_CONVST
P03;C_U_OUT1;100nF;1;3V3_CORE
P03;C_U_OUT1;100nF;2;GND
P03;U_OUT2;74LVC125AD Nexperia SO14 + adapter (Ioff);7;GND
P03;U_OUT2;74LVC125AD Nexperia SO14 + adapter (Ioff);14;3V3_CORE
P03;U_OUT2;74LVC125AD Nexperia SO14 + adapter (Ioff);1;GND
P03;U_OUT2;74LVC125AD Nexperia SO14 + adapter (Ioff);2;ADC_RESET_SRC
P03;U_OUT2;74LVC125AD Nexperia SO14 + adapter (Ioff);3;ADC_RESET
P03;U_OUT2;74LVC125AD Nexperia SO14 + adapter (Ioff);4;GND
P03;U_OUT2;74LVC125AD Nexperia SO14 + adapter (Ioff);5;MEAS_EN_SRC
P03;U_OUT2;74LVC125AD Nexperia SO14 + adapter (Ioff);6;MEAS_EN
P03;U_OUT2;74LVC125AD Nexperia SO14 + adapter (Ioff);10;GND
P03;U_OUT2;74LVC125AD Nexperia SO14 + adapter (Ioff);9;CS_ILOG_N_SRC
P03;U_OUT2;74LVC125AD Nexperia SO14 + adapter (Ioff);8;CS_ILOG_N
P03;U_OUT2;74LVC125AD Nexperia SO14 + adapter (Ioff);13;GND
P03;U_OUT2;74LVC125AD Nexperia SO14 + adapter (Ioff);12;CS_ITEST_N_SRC
P03;U_OUT2;74LVC125AD Nexperia SO14 + adapter (Ioff);11;CS_ITEST_N
P03;C_U_OUT2;100nF;1;3V3_CORE
P03;C_U_OUT2;100nF;2;GND
P03;U_OUT3;74LVC125AD Nexperia SO14 + adapter (Ioff);7;GND
P03;U_OUT3;74LVC125AD Nexperia SO14 + adapter (Ioff);14;3V3_CORE
P03;U_OUT3;74LVC125AD Nexperia SO14 + adapter (Ioff);1;GND
P03;U_OUT3;74LVC125AD Nexperia SO14 + adapter (Ioff);2;SPI3_SCLK_SRC
P03;U_OUT3;74LVC125AD Nexperia SO14 + adapter (Ioff);3;SPI3_SCLK
P03;U_OUT3;74LVC125AD Nexperia SO14 + adapter (Ioff);4;GND
P03;U_OUT3;74LVC125AD Nexperia SO14 + adapter (Ioff);5;SPI3_MOSI_SRC
P03;U_OUT3;74LVC125AD Nexperia SO14 + adapter (Ioff);6;SPI3_MOSI
P03;U_OUT3;74LVC125AD Nexperia SO14 + adapter (Ioff);10;GND
P03;U_OUT3;74LVC125AD Nexperia SO14 + adapter (Ioff);9;TC1_CS_SRC
P03;U_OUT3;74LVC125AD Nexperia SO14 + adapter (Ioff);8;TC1_CS
P03;U_OUT3;74LVC125AD Nexperia SO14 + adapter (Ioff);13;GND
P03;U_OUT3;74LVC125AD Nexperia SO14 + adapter (Ioff);12;TC2_CS_SRC
P03;U_OUT3;74LVC125AD Nexperia SO14 + adapter (Ioff);11;TC2_CS
P03;C_U_OUT3;100nF;1;3V3_CORE
P03;C_U_OUT3;100nF;2;GND
P03;J_DAQA;IDC 16p KEY2;1;ADC_SCLK
P03;J_DAQA;IDC 16p KEY2;3;ADC_SDI
P03;J_DAQA;IDC 16p KEY2;4;GND
P03;J_DAQA;IDC 16p KEY2;5;ADC_DOUTA
P03;J_DAQA;IDC 16p KEY2;6;GND
P03;J_DAQA;IDC 16p KEY2;7;ADC_CS
P03;J_DAQA;IDC 16p KEY2;8;GND
P03;J_DAQA;IDC 16p KEY2;9;ADC_CONVST
P03;J_DAQA;IDC 16p KEY2;10;GND
P03;J_DAQA;IDC 16p KEY2;11;ADC_BUSY
P03;J_DAQA;IDC 16p KEY2;12;GND
P03;J_DAQA;IDC 16p KEY2;13;ADC_RESET
P03;J_DAQA;IDC 16p KEY2;14;GND
P03;J_DAQA;IDC 16p KEY2;15;MEAS_EN
P03;J_DAQA;IDC 16p KEY2;16;GND
P05;J_DAQB;IDC 16p KEY2;1;ADC_SCLK
P05;J_DAQB;IDC 16p KEY2;3;ADC_SDI
P05;J_DAQB;IDC 16p KEY2;4;GND
P05;J_DAQB;IDC 16p KEY2;5;ADC_DOUTA
P05;J_DAQB;IDC 16p KEY2;6;GND
P05;J_DAQB;IDC 16p KEY2;7;ADC_CS
P05;J_DAQB;IDC 16p KEY2;8;GND
P05;J_DAQB;IDC 16p KEY2;9;ADC_CONVST
P05;J_DAQB;IDC 16p KEY2;10;GND
P05;J_DAQB;IDC 16p KEY2;11;ADC_BUSY
P05;J_DAQB;IDC 16p KEY2;12;GND
P05;J_DAQB;IDC 16p KEY2;13;ADC_RESET
P05;J_DAQB;IDC 16p KEY2;14;GND
P05;J_DAQB;IDC 16p KEY2;15;MEAS_EN
P05;J_DAQB;IDC 16p KEY2;16;GND
P03;J_ILOGA;IDC 8p KEY2;1;ADC_SCLK
P03;J_ILOGA;IDC 8p KEY2;3;ADC_DOUTA
P03;J_ILOGA;IDC 8p KEY2;4;GND
P03;J_ILOGA;IDC 8p KEY2;5;CS_ILOG_N
P03;J_ILOGA;IDC 8p KEY2;6;GND
P03;J_ILOGA;IDC 8p KEY2;7;LOGGER_CURRENT_OK
P03;J_ILOGA;IDC 8p KEY2;8;GND
P06;J_ILOGB;IDC 8p KEY2;1;ADC_SCLK
P06;J_ILOGB;IDC 8p KEY2;3;ADC_DOUTA
P06;J_ILOGB;IDC 8p KEY2;4;GND
P06;J_ILOGB;IDC 8p KEY2;5;CS_ILOG_N
P06;J_ILOGB;IDC 8p KEY2;6;GND
P06;J_ILOGB;IDC 8p KEY2;7;LOGGER_CURRENT_OK
P06;J_ILOGB;IDC 8p KEY2;8;GND
P03;J_ITESTA;IDC 6p KEY2;1;ADC_SCLK
P03;J_ITESTA;IDC 6p KEY2;3;ADC_DOUTA
P03;J_ITESTA;IDC 6p KEY2;4;GND
P03;J_ITESTA;IDC 6p KEY2;5;CS_ITEST_N
P03;J_ITESTA;IDC 6p KEY2;6;GND
P07;J_ITESTB;IDC 6p KEY2;1;ADC_SCLK
P07;J_ITESTB;IDC 6p KEY2;3;ADC_DOUTA
P07;J_ITESTB;IDC 6p KEY2;4;GND
P07;J_ITESTB;IDC 6p KEY2;5;CS_ITEST_N
P07;J_ITESTB;IDC 6p KEY2;6;GND
P03;J_SAFEA;IDC 16p KEY4;1;PWM
P03;J_SAFEA;IDC 16p KEY4;2;GND
P03;J_SAFEA;IDC 16p KEY4;3;HEARTBEAT
P03;J_SAFEA;IDC 16p KEY4;5;MCU_ARM
P03;J_SAFEA;IDC 16p KEY4;6;GND
P03;J_SAFEA;IDC 16p KEY4;7;HW_ARMED
P03;J_SAFEA;IDC 16p KEY4;8;GND
P03;J_SAFEA;IDC 16p KEY4;9;INTERLOCK
P03;J_SAFEA;IDC 16p KEY4;10;GND
P03;J_SAFEA;IDC 16p KEY4;11;SENSOR_ENABLE
P03;J_SAFEA;IDC 16p KEY4;12;GND
P03;J_SAFEA;IDC 16p KEY4;13;CORE_LINK
P03;J_SAFEA;IDC 16p KEY4;14;GND
P03;J_SAFEA;IDC 16p KEY4;15;SUP_N
P03;J_SAFEA;IDC 16p KEY4;16;GND
P04;J_SAFEB;IDC 16p KEY4;1;PWM
P04;J_SAFEB;IDC 16p KEY4;2;GND
P04;J_SAFEB;IDC 16p KEY4;3;HEARTBEAT
P04;J_SAFEB;IDC 16p KEY4;5;MCU_ARM
P04;J_SAFEB;IDC 16p KEY4;6;GND
P04;J_SAFEB;IDC 16p KEY4;7;HW_ARMED
P04;J_SAFEB;IDC 16p KEY4;8;GND
P04;J_SAFEB;IDC 16p KEY4;9;INTERLOCK
P04;J_SAFEB;IDC 16p KEY4;10;GND
P04;J_SAFEB;IDC 16p KEY4;11;SENSOR_ENABLE
P04;J_SAFEB;IDC 16p KEY4;12;GND
P04;J_SAFEB;IDC 16p KEY4;13;CORE_LINK
P04;J_SAFEB;IDC 16p KEY4;14;GND
P04;J_SAFEB;IDC 16p KEY4;15;SUP_N
P04;J_SAFEB;IDC 16p KEY4;16;GND
P04;J_DRIVEA;IDC 10p KEY2;1;MOTOR_PERMIT
P04;J_DRIVEA;IDC 10p KEY2;3;PWM_OUT
P04;J_DRIVEA;IDC 10p KEY2;4;GND
P04;J_DRIVEA;IDC 10p KEY2;5;ARM_CLK
P04;J_DRIVEA;IDC 10p KEY2;6;GND
P04;J_DRIVEA;IDC 10p KEY2;7;DRIVE_OK
P04;J_DRIVEA;IDC 10p KEY2;8;GND
P04;J_DRIVEA;IDC 10p KEY2;9;SAFE_N
P04;J_DRIVEA;IDC 10p KEY2;10;GND
P07;J_DRIVEB;IDC 10p KEY2;1;MOTOR_PERMIT
P07;J_DRIVEB;IDC 10p KEY2;3;PWM_OUT
P07;J_DRIVEB;IDC 10p KEY2;4;GND
P07;J_DRIVEB;IDC 10p KEY2;5;ARM_CLK
P07;J_DRIVEB;IDC 10p KEY2;6;GND
P07;J_DRIVEB;IDC 10p KEY2;7;DRIVE_OK
P07;J_DRIVEB;IDC 10p KEY2;8;GND
P07;J_DRIVEB;IDC 10p KEY2;9;SAFE_N
P07;J_DRIVEB;IDC 10p KEY2;10;GND
P03;J_DIRA;IDC 8p KEY4;1;MOTOR_INA
P03;J_DIRA;IDC 8p KEY4;2;GND
P03;J_DIRA;IDC 8p KEY4;3;MOTOR_INB
P03;J_DIRA;IDC 8p KEY4;5;ENA_DIAG
P03;J_DIRA;IDC 8p KEY4;6;GND
P03;J_DIRA;IDC 8p KEY4;7;ENB_DIAG
P03;J_DIRA;IDC 8p KEY4;8;GND
P07;J_DIRB;IDC 8p KEY4;1;MOTOR_INA
P07;J_DIRB;IDC 8p KEY4;2;GND
P07;J_DIRB;IDC 8p KEY4;3;MOTOR_INB
P07;J_DIRB;IDC 8p KEY4;5;ENA_DIAG
P07;J_DIRB;IDC 8p KEY4;6;GND
P07;J_DIRB;IDC 8p KEY4;7;ENB_DIAG
P07;J_DIRB;IDC 8p KEY4;8;GND
P04;J_SENSORA;IDC 4p KEY2;1;SENSOR_PERMIT
P04;J_SENSORA;IDC 4p KEY2;3;SENSOR_OK
P04;J_SENSORA;IDC 4p KEY2;4;GND
P08;J_SENSORB;IDC 4p KEY2;1;SENSOR_PERMIT
P08;J_SENSORB;IDC 4p KEY2;3;SENSOR_OK
P08;J_SENSORB;IDC 4p KEY2;4;GND
P03;J_SFAULTA;IDC 6p KEY3;1;SENSOR_FAULT_N
P03;J_SFAULTA;IDC 6p KEY3;2;GND
P03;J_SFAULTA;IDC 6p KEY3;4;NC
P03;J_SFAULTA;IDC 6p KEY3;5;NC
P03;J_SFAULTA;IDC 6p KEY3;6;NC
P08;J_SFAULTB;IDC 6p KEY3;1;SENSOR_FAULT_N
P08;J_SFAULTB;IDC 6p KEY3;2;GND
P08;J_SFAULTB;IDC 6p KEY3;4;NC
P08;J_SFAULTB;IDC 6p KEY3;5;NC
P08;J_SFAULTB;IDC 6p KEY3;6;NC
P04;J_DAQOKA;IDC 6p KEY4;1;DAQ_OK
P04;J_DAQOKA;IDC 6p KEY4;2;GND
P04;J_DAQOKA;IDC 6p KEY4;3;NC
P04;J_DAQOKA;IDC 6p KEY4;5;NC
P04;J_DAQOKA;IDC 6p KEY4;6;NC
P05;J_DAQOKB;IDC 6p KEY4;1;DAQ_OK
P05;J_DAQOKB;IDC 6p KEY4;2;GND
P05;J_DAQOKB;IDC 6p KEY4;3;NC
P05;J_DAQOKB;IDC 6p KEY4;5;NC
P05;J_DAQOKB;IDC 6p KEY4;6;NC
P04;J_PSUOKA;IDC 6p KEY5;1;PSU_OK
P04;J_PSUOKA;IDC 6p KEY5;2;GND
P04;J_PSUOKA;IDC 6p KEY5;3;NC
P04;J_PSUOKA;IDC 6p KEY5;4;NC
P04;J_PSUOKA;IDC 6p KEY5;6;NC
P02;J_PSUOKB;IDC 6p KEY5;1;PSU_OK
P02;J_PSUOKB;IDC 6p KEY5;2;GND
P02;J_PSUOKB;IDC 6p KEY5;3;NC
P02;J_PSUOKB;IDC 6p KEY5;4;NC
P02;J_PSUOKB;IDC 6p KEY5;6;NC
P04;J_PGA;MicroFit-6 6p;1;3V3_IO
P04;J_PGA;MicroFit-6 6p;2;SAFE_N
P04;J_PGA;MicroFit-6 6p;3;GND
P04;J_PGA;MicroFit-6 6p;4;PG_SEND
P04;J_PGA;MicroFit-6 6p;5;PG_LINK
P04;J_PGA;MicroFit-6 6p;6;GND
P01;J_PGB;MicroFit-6 6p;1;3V3_IO
P01;J_PGB;MicroFit-6 6p;2;SAFE_N
P01;J_PGB;MicroFit-6 6p;3;GND
P01;J_PGB;MicroFit-6 6p;4;PG_SEND
P01;J_PGB;MicroFit-6 6p;5;PG_LINK
P01;J_PGB;MicroFit-6 6p;6;GND
P03;J_TEMPA;IDC 10p KEY4;1;SPI3_SCLK
P03;J_TEMPA;IDC 10p KEY4;2;GND
P03;J_TEMPA;IDC 10p KEY4;3;SPI3_MOSI
P03;J_TEMPA;IDC 10p KEY4;5;SPI3_MISO
P03;J_TEMPA;IDC 10p KEY4;6;GND
P03;J_TEMPA;IDC 10p KEY4;7;TC1_CS
P03;J_TEMPA;IDC 10p KEY4;8;GND
P03;J_TEMPA;IDC 10p KEY4;9;TC2_CS
P03;J_TEMPA;IDC 10p KEY4;10;GND
P09;J_TEMPB;IDC 10p KEY4;1;SPI3_SCLK
P09;J_TEMPB;IDC 10p KEY4;2;GND
P09;J_TEMPB;IDC 10p KEY4;3;SPI3_MOSI
P09;J_TEMPB;IDC 10p KEY4;5;SPI3_MISO
P09;J_TEMPB;IDC 10p KEY4;6;GND
P09;J_TEMPB;IDC 10p KEY4;7;TC1_CS
P09;J_TEMPB;IDC 10p KEY4;8;GND
P09;J_TEMPB;IDC 10p KEY4;9;TC2_CS
P09;J_TEMPB;IDC 10p KEY4;10;GND
P03;J_CANA;IDC 4p KEY4;1;CAN_TX
P03;J_CANA;IDC 4p KEY4;2;GND
P03;J_CANA;IDC 4p KEY4;3;CAN_RX
P10;J_CANB;IDC 4p KEY4;1;CAN_TX
P10;J_CANB;IDC 4p KEY4;2;GND
P10;J_CANB;IDC 4p KEY4;3;CAN_RX
P04;J_PANELSAFEA;MicroFit-10 10p;1;3V3_IO
P04;J_PANELSAFEA;MicroFit-10 10p;2;GND
P04;J_PANELSAFEA;MicroFit-10 10p;3;TEST_KEY
P04;J_PANELSAFEA;MicroFit-10 10p;4;MECH_OK
P04;J_PANELSAFEA;MicroFit-10 10p;5;LOGGER_CLEAR
P04;J_PANELSAFEA;MicroFit-10 10p;6;TEST_PRESENT
P04;J_PANELSAFEA;MicroFit-10 10p;7;STOP_NC_OUT
P04;J_PANELSAFEA;MicroFit-10 10p;8;NC
P04;J_PANELSAFEA;MicroFit-10 10p;9;ARM_CONTACT
P04;J_PANELSAFEA;MicroFit-10 10p;10;GND
P11;J_PANELSAFEB;MicroFit-10 10p;1;3V3_IO
P11;J_PANELSAFEB;MicroFit-10 10p;2;GND
P11;J_PANELSAFEB;MicroFit-10 10p;3;TEST_KEY
P11;J_PANELSAFEB;MicroFit-10 10p;4;MECH_OK
P11;J_PANELSAFEB;MicroFit-10 10p;5;LOGGER_CLEAR
P11;J_PANELSAFEB;MicroFit-10 10p;6;TEST_PRESENT
P11;J_PANELSAFEB;MicroFit-10 10p;7;STOP_NC_OUT
P11;J_PANELSAFEB;MicroFit-10 10p;8;NC
P11;J_PANELSAFEB;MicroFit-10 10p;9;ARM_CONTACT
P11;J_PANELSAFEB;MicroFit-10 10p;10;GND
P03;J_PANELCOREA;MicroFit-8 8p;1;GND
P03;J_PANELCOREA;MicroFit-8 8p;2;MARK
P03;J_PANELCOREA;MicroFit-8 8p;3;TEST_KEY
P03;J_PANELCOREA;MicroFit-8 8p;4;LOGGER_CLEAR
P03;J_PANELCOREA;MicroFit-8 8p;5;TEST_PRESENT
P03;J_PANELCOREA;MicroFit-8 8p;6;STATUS_LED
P03;J_PANELCOREA;MicroFit-8 8p;7;N_J_SCOPE_HOT
P03;J_PANELCOREA;MicroFit-8 8p;8;GND
P11;J_PANELCOREB;MicroFit-8 8p;1;GND
P11;J_PANELCOREB;MicroFit-8 8p;2;MARK
P11;J_PANELCOREB;MicroFit-8 8p;3;TEST_KEY
P11;J_PANELCOREB;MicroFit-8 8p;4;LOGGER_CLEAR
P11;J_PANELCOREB;MicroFit-8 8p;5;TEST_PRESENT
P11;J_PANELCOREB;MicroFit-8 8p;6;STATUS_LED
P11;J_PANELCOREB;MicroFit-8 8p;7;N_J_SCOPE_HOT
P11;J_PANELCOREB;MicroFit-8 8p;8;GND
P01;J_SUPPLYA;MSTB 5.08 >=12A 3p;1;VPROT
P01;J_SUPPLYA;MSTB 5.08 >=12A 3p;2;GND
P01;J_SUPPLYA;MSTB 5.08 >=12A 3p;3;NC
P02;J_SUPPLYB;MSTB 5.08 >=12A 3p;1;VPROT
P02;J_SUPPLYB;MSTB 5.08 >=12A 3p;2;GND
P02;J_SUPPLYB;MSTB 5.08 >=12A 3p;3;NC
P02;J_VMOTORA;MSTB 5.08 >=12A 3p;1;VPROT
P02;J_VMOTORA;MSTB 5.08 >=12A 3p;2;GND
P02;J_VMOTORA;MSTB 5.08 >=12A 3p;3;NC
P07;J_VMOTORB;MSTB 5.08 >=12A 3p;1;VPROT
P07;J_VMOTORB;MSTB 5.08 >=12A 3p;2;GND
P07;J_VMOTORB;MSTB 5.08 >=12A 3p;3;NC
P02;J_LV03A;MicroFit-4 4p;1;5V_SYS
P02;J_LV03A;MicroFit-4 4p;2;GND
P02;J_LV03A;MicroFit-4 4p;3;3V3_IO
P02;J_LV03A;MicroFit-4 4p;4;GND
P03;J_LV03B;MicroFit-4 4p;1;5V_SYS
P03;J_LV03B;MicroFit-4 4p;2;GND
P03;J_LV03B;MicroFit-4 4p;3;3V3_IO
P03;J_LV03B;MicroFit-4 4p;4;GND
P02;J_LV04A;MicroFit-4 4p;1;5V_SYS
P02;J_LV04A;MicroFit-4 4p;2;GND
P02;J_LV04A;MicroFit-4 4p;3;3V3_IO
P02;J_LV04A;MicroFit-4 4p;4;GND
P04;J_LV04B;MicroFit-4 4p;1;5V_SYS
P04;J_LV04B;MicroFit-4 4p;2;GND
P04;J_LV04B;MicroFit-4 4p;3;3V3_IO
P04;J_LV04B;MicroFit-4 4p;4;GND
P02;J_LV05A;MicroFit-4 4p;1;5V_SYS
P02;J_LV05A;MicroFit-4 4p;2;GND
P02;J_LV05A;MicroFit-4 4p;3;3V3_IO
P02;J_LV05A;MicroFit-4 4p;4;GND
P05;J_LV05B;MicroFit-4 4p;1;5V_SYS
P05;J_LV05B;MicroFit-4 4p;2;GND
P05;J_LV05B;MicroFit-4 4p;3;3V3_IO
P05;J_LV05B;MicroFit-4 4p;4;GND
P02;J_LV06A;MicroFit-4 4p;1;5V_SYS
P02;J_LV06A;MicroFit-4 4p;2;GND
P02;J_LV06A;MicroFit-4 4p;3;3V3_IO
P02;J_LV06A;MicroFit-4 4p;4;GND
P06;J_LV06B;MicroFit-4 4p;1;5V_SYS
P06;J_LV06B;MicroFit-4 4p;2;GND
P06;J_LV06B;MicroFit-4 4p;3;3V3_IO
P06;J_LV06B;MicroFit-4 4p;4;GND
P02;J_LV07A;MicroFit-4 4p;1;5V_SYS
P02;J_LV07A;MicroFit-4 4p;2;GND
P02;J_LV07A;MicroFit-4 4p;3;3V3_IO
P02;J_LV07A;MicroFit-4 4p;4;GND
P07;J_LV07B;MicroFit-4 4p;1;5V_SYS
P07;J_LV07B;MicroFit-4 4p;2;GND
P07;J_LV07B;MicroFit-4 4p;3;3V3_IO
P07;J_LV07B;MicroFit-4 4p;4;GND
P02;J_LV08A;MicroFit-4 4p;1;5V_SYS
P02;J_LV08A;MicroFit-4 4p;2;GND
P02;J_LV08A;MicroFit-4 4p;3;3V3_IO
P02;J_LV08A;MicroFit-4 4p;4;GND
P08;J_LV08B;MicroFit-4 4p;1;5V_SYS
P08;J_LV08B;MicroFit-4 4p;2;GND
P08;J_LV08B;MicroFit-4 4p;3;3V3_IO
P08;J_LV08B;MicroFit-4 4p;4;GND
P02;J_LV09A;MicroFit-4 4p;1;5V_SYS
P02;J_LV09A;MicroFit-4 4p;2;GND
P02;J_LV09A;MicroFit-4 4p;3;3V3_IO
P02;J_LV09A;MicroFit-4 4p;4;GND
P09;J_LV09B;MicroFit-4 4p;1;5V_SYS
P09;J_LV09B;MicroFit-4 4p;2;GND
P09;J_LV09B;MicroFit-4 4p;3;3V3_IO
P09;J_LV09B;MicroFit-4 4p;4;GND
P02;J_LV10A;MicroFit-4 4p;1;5V_SYS
P02;J_LV10A;MicroFit-4 4p;2;GND
P02;J_LV10A;MicroFit-4 4p;3;3V3_IO
P02;J_LV10A;MicroFit-4 4p;4;GND
P10;J_LV10B;MicroFit-4 4p;1;5V_SYS
P10;J_LV10B;MicroFit-4 4p;2;GND
P10;J_LV10B;MicroFit-4 4p;3;3V3_IO
P10;J_LV10B;MicroFit-4 4p;4;GND
P11;J_TAPSA;MSTB 3.81 ANALOG 6p;1;TAP_P1
P11;J_TAPSA;MSTB 3.81 ANALOG 6p;2;TAP_P3
P11;J_TAPSA;MSTB 3.81 ANALOG 6p;3;TAP_P4
P11;J_TAPSA;MSTB 3.81 ANALOG 6p;4;TAP_P5
P11;J_TAPSA;MSTB 3.81 ANALOG 6p;5;TAP_P6
P11;J_TAPSA;MSTB 3.81 ANALOG 6p;6;GND
P05;J_TAPSB;MSTB 3.81 ANALOG 6p;1;TAP_P1
P05;J_TAPSB;MSTB 3.81 ANALOG 6p;2;TAP_P3
P05;J_TAPSB;MSTB 3.81 ANALOG 6p;3;TAP_P4
P05;J_TAPSB;MSTB 3.81 ANALOG 6p;4;TAP_P5
P05;J_TAPSB;MSTB 3.81 ANALOG 6p;5;TAP_P6
P05;J_TAPSB;MSTB 3.81 ANALOG 6p;6;GND
P11;J_ISERIESA;MSTB 5.08 >=12A yellow 4p;1;ECU_P1
P11;J_ISERIESA;MSTB 5.08 >=12A yellow 4p;2;EGR_P1
P11;J_ISERIESA;MSTB 5.08 >=12A yellow 4p;3;NC
P11;J_ISERIESA;MSTB 5.08 >=12A yellow 4p;4;NC
P06;J_ISERIESB;MSTB 5.08 >=12A yellow 4p;1;ECU_P1
P06;J_ISERIESB;MSTB 5.08 >=12A yellow 4p;2;EGR_P1
P06;J_ISERIESB;MSTB 5.08 >=12A yellow 4p;3;NC
P06;J_ISERIESB;MSTB 5.08 >=12A yellow 4p;4;NC
P07;J_TMOTORA;MSTB 5.08 >=12A red 5p;1;T_EGR_P1
P07;J_TMOTORA;MSTB 5.08 >=12A red 5p;2;T_EGR_P3
P07;J_TMOTORA;MSTB 5.08 >=12A red 5p;3;NC
P07;J_TMOTORA;MSTB 5.08 >=12A red 5p;4;NC
P07;J_TMOTORA;MSTB 5.08 >=12A red 5p;5;NC
P11;J_TMOTORB;MSTB 5.08 >=12A red 5p;1;T_EGR_P1
P11;J_TMOTORB;MSTB 5.08 >=12A red 5p;2;T_EGR_P3
P11;J_TMOTORB;MSTB 5.08 >=12A red 5p;3;NC
P11;J_TMOTORB;MSTB 5.08 >=12A red 5p;4;NC
P11;J_TMOTORB;MSTB 5.08 >=12A red 5p;5;NC
P08;J_TSENSORA;MicroFit-2 blue 2p;1;5V_SENSOR
P08;J_TSENSORA;MicroFit-2 blue 2p;2;AGND_SENSOR
P11;J_TSENSORB;MicroFit-2 blue 2p;1;5V_SENSOR
P11;J_TSENSORB;MicroFit-2 blue 2p;2;AGND_SENSOR
AT;PLUG;DEUTSCH DT06-12SA plug, contacts size16;1;T_EGR_P1
AT;PLUG;DEUTSCH DT06-12SA plug, contacts size16;2;T_EGR_P3
AT;PLUG;DEUTSCH DT06-12SA plug, contacts size16;3;5V_SENSOR
AT;PLUG;DEUTSCH DT06-12SA plug, contacts size16;4;AGND_SENSOR
AT;PLUG;DEUTSCH DT06-12SA plug, contacts size16;5;TAP_P1
AT;PLUG;DEUTSCH DT06-12SA plug, contacts size16;6;TAP_P3
AT;PLUG;DEUTSCH DT06-12SA plug, contacts size16;7;TAP_P4
AT;PLUG;DEUTSCH DT06-12SA plug, contacts size16;8;TAP_P5
AT;PLUG;DEUTSCH DT06-12SA plug, contacts size16;9;TAP_P6
AT;PLUG;DEUTSCH DT06-12SA plug, contacts size16;10;LOOP_OUT
AT;PLUG;DEUTSCH DT06-12SA plug, contacts size16;11;MECH_OK
AT;PLUG;DEUTSCH DT06-12SA plug, contacts size16;12;NC
AL1;PLUG;DEUTSCH DT06-12SB plug, contacts size16;1;ECU_P1
AL1;PLUG;DEUTSCH DT06-12SB plug, contacts size16;2;EGR_P1
AL1;PLUG;DEUTSCH DT06-12SB plug, contacts size16;3;TAP_P1
AL1;PLUG;DEUTSCH DT06-12SB plug, contacts size16;4;TAP_P3
AL1;PLUG;DEUTSCH DT06-12SB plug, contacts size16;5;TAP_P4
AL1;PLUG;DEUTSCH DT06-12SB plug, contacts size16;6;TAP_P5
AL1;PLUG;DEUTSCH DT06-12SB plug, contacts size16;7;TAP_P6
AL1;PLUG;DEUTSCH DT06-12SB plug, contacts size16;8;NC
AL1;PLUG;DEUTSCH DT06-12SB plug, contacts size16;9;NC
AL1;PLUG;DEUTSCH DT06-12SB plug, contacts size16;10;NC
AL1;PLUG;DEUTSCH DT06-12SB plug, contacts size16;11;NC
AL1;PLUG;DEUTSCH DT06-12SB plug, contacts size16;12;GND
AL2;PLUG;DEUTSCH DT06-12SC plug, contacts size16;1;TAP_P1
AL2;PLUG;DEUTSCH DT06-12SC plug, contacts size16;2;TAP_P3
AL2;PLUG;DEUTSCH DT06-12SC plug, contacts size16;3;TAP_P4
AL2;PLUG;DEUTSCH DT06-12SC plug, contacts size16;4;TAP_P5
AL2;PLUG;DEUTSCH DT06-12SC plug, contacts size16;5;TAP_P6
AL2;PLUG;DEUTSCH DT06-12SC plug, contacts size16;6;NC
AL2;PLUG;DEUTSCH DT06-12SC plug, contacts size16;7;NC
AL2;PLUG;DEUTSCH DT06-12SC plug, contacts size16;8;NC
AL2;PLUG;DEUTSCH DT06-12SC plug, contacts size16;9;NC
AL2;PLUG;DEUTSCH DT06-12SC plug, contacts size16;10;NC
AL2;PLUG;DEUTSCH DT06-12SC plug, contacts size16;11;NC
AL2;PLUG;DEUTSCH DT06-12SC plug, contacts size16;12;GND
EXT;J_BATA;MSTB 5.08 >=12A black 2p;1;BAT_FUSED
EXT;J_BATA;MSTB 5.08 >=12A black 2p;2;GND
P01;J_BATB;MSTB 5.08 >=12A black 2p;1;BAT_FUSED
P01;J_BATB;MSTB 5.08 >=12A black 2p;2;GND
P00;J_PWR;Zasilanie tylko 3.3V stanowiskowe;1;P00_V33
P00;J_PWR;Zasilanie tylko 3.3V stanowiskowe;2;P00_GND
P00;U1;TLC555CP DIP8;1;P00_GND
P00;U1;TLC555CP DIP8;2;P00_RC
P00;U1;TLC555CP DIP8;3;P00_OSC
P00;U1;TLC555CP DIP8;4;P00_V33
P00;U1;TLC555CP DIP8;5;P00_CTRL
P00;U1;TLC555CP DIP8;6;P00_RC
P00;U1;TLC555CP DIP8;7;P00_DIS
P00;U1;TLC555CP DIP8;8;P00_V33
P00;R1;4.7k;1;P00_V33
P00;R1;4.7k;2;P00_DIS
P00;R2;68k;1;P00_DIS
P00;R2;68k;2;P00_RC
P00;C1;100nF;1;P00_RC
P00;C1;100nF;2;P00_GND
P00;C2;10nF;1;P00_CTRL
P00;C2;10nF;2;P00_GND
P00;C3;100nF;1;P00_V33
P00;C3;100nF;2;P00_GND
P00;R3;1k;1;P00_OSC
P00;R3;1k;2;P00_HEART
P00;J_HEART;Generator heartbeat test only;1;P00_HEART
P00;J_HEART;Generator heartbeat test only;2;P00_GND
P00;SW1;SPDT ON-ON simulation only;1;P00_GND
P00;SW1;SPDT ON-ON simulation only;2;P00_S1
P00;SW1;SPDT ON-ON simulation only;3;P00_V33
P00;RS1;1k;1;P00_S1
P00;RS1;1k;2;P00_OUT1
P00;J1;Gniazdo probne 2-pin;1;P00_OUT1
P00;J1;Gniazdo probne 2-pin;2;P00_GND
P00;SW2;SPDT ON-ON simulation only;1;P00_GND
P00;SW2;SPDT ON-ON simulation only;2;P00_S2
P00;SW2;SPDT ON-ON simulation only;3;P00_V33
P00;RS2;1k;1;P00_S2
P00;RS2;1k;2;P00_OUT2
P00;J2;Gniazdo probne 2-pin;1;P00_OUT2
P00;J2;Gniazdo probne 2-pin;2;P00_GND
P00;SW3;SPDT ON-ON simulation only;1;P00_GND
P00;SW3;SPDT ON-ON simulation only;2;P00_S3
P00;SW3;SPDT ON-ON simulation only;3;P00_V33
P00;RS3;1k;1;P00_S3
P00;RS3;1k;2;P00_OUT3
P00;J3;Gniazdo probne 2-pin;1;P00_OUT3
P00;J3;Gniazdo probne 2-pin;2;P00_GND
P00;SW4;SPDT ON-ON simulation only;1;P00_GND
P00;SW4;SPDT ON-ON simulation only;2;P00_S4
P00;SW4;SPDT ON-ON simulation only;3;P00_V33
P00;RS4;1k;1;P00_S4
P00;RS4;1k;2;P00_OUT4
P00;J4;Gniazdo probne 2-pin;1;P00_OUT4
P00;J4;Gniazdo probne 2-pin;2;P00_GND
P00;SW5;SPDT ON-ON simulation only;1;P00_GND
P00;SW5;SPDT ON-ON simulation only;2;P00_S5
P00;SW5;SPDT ON-ON simulation only;3;P00_V33
P00;RS5;1k;1;P00_S5
P00;RS5;1k;2;P00_OUT5
P00;J5;Gniazdo probne 2-pin;1;P00_OUT5
P00;J5;Gniazdo probne 2-pin;2;P00_GND
P00;SW6;SPDT ON-ON simulation only;1;P00_GND
P00;SW6;SPDT ON-ON simulation only;2;P00_S6
P00;SW6;SPDT ON-ON simulation only;3;P00_V33
P00;RS6;1k;1;P00_S6
P00;RS6;1k;2;P00_OUT6
P00;J6;Gniazdo probne 2-pin;1;P00_OUT6
P00;J6;Gniazdo probne 2-pin;2;P00_GND
P00;SW7;SPDT ON-ON simulation only;1;P00_GND
P00;SW7;SPDT ON-ON simulation only;2;P00_S7
P00;SW7;SPDT ON-ON simulation only;3;P00_V33
P00;RS7;1k;1;P00_S7
P00;RS7;1k;2;P00_OUT7
P00;J7;Gniazdo probne 2-pin;1;P00_OUT7
P00;J7;Gniazdo probne 2-pin;2;P00_GND
P00;SW8;SPDT ON-ON simulation only;1;P00_GND
P00;SW8;SPDT ON-ON simulation only;2;P00_S8
P00;SW8;SPDT ON-ON simulation only;3;P00_V33
P00;RS8;1k;1;P00_S8
P00;RS8;1k;2;P00_OUT8
P00;J8;Gniazdo probne 2-pin;1;P00_OUT8
P00;J8;Gniazdo probne 2-pin;2;P00_GND
