Oznaczenie;Nazwa;Ilosc;Uwagi
U11;TPS2553DBVR;1;
R_ILIM;232k 1%;1;
C_SIN;1uF;1;
C_SOUT;1uF;1;
R_DEFAULT_SENSOR_PERMIT;100k;1;
D8;1N4148;1;
KSENSOR;G6K-2F-Y DC5;1;
U_RELAY;TBD62083APG DIP18;1;
U_SUP3;MCP120-300DI/TO TO92;1;
R_U_SUP3;10k;1;
C_U_SUP3;100nF;1;
U_SUP5;MCP120-450DI/TO TO92;1;
R_SUP5;10k;1;
C_SUP5;100nF;1;
U_READY;SN74HC08N DIP14;1;
C_U_READY;100nF;1;
R_READY_PD;10k;1;
R_PERMIT_PD;10k;1;
U_SUPBUF;74LVC125AD Nexperia SO14 + adapter (Ioff);1;
C_U_SUPBUF;100nF;1;
U_RX1;74LVC125AD Nexperia SO14 + adapter (Ioff);1;
C_U_RX1;100nF;1;
R_EXT_SENSOR;10k;1;
R_FAULT_PU;10k;1;
J_SENSORB;IDC 4p KEY2;1;SENSOR
J_SFAULTB;IDC 6p KEY3;1;SFAULT
J_LV08B;MicroFit-4 4p;1;LV08
J_TSENSORA;MicroFit-2 blue 2p;1;TSENSOR
