cable;from_board;from_ref;from_pin;to_board;to_ref;to_pin;net;connector;max_cm
DAQ;P03;J_DAQA;1;P05;J_DAQB;1;ADC_SCLK;IDC;10
DAQ;P03;J_DAQA;3;P05;J_DAQB;3;ADC_SDI;IDC;10
DAQ;P03;J_DAQA;4;P05;J_DAQB;4;GND;IDC;10
DAQ;P03;J_DAQA;5;P05;J_DAQB;5;ADC_DOUTA;IDC;10
DAQ;P03;J_DAQA;6;P05;J_DAQB;6;GND;IDC;10
DAQ;P03;J_DAQA;7;P05;J_DAQB;7;ADC_CS;IDC;10
DAQ;P03;J_DAQA;8;P05;J_DAQB;8;GND;IDC;10
DAQ;P03;J_DAQA;9;P05;J_DAQB;9;ADC_CONVST;IDC;10
DAQ;P03;J_DAQA;10;P05;J_DAQB;10;GND;IDC;10
DAQ;P03;J_DAQA;11;P05;J_DAQB;11;ADC_BUSY;IDC;10
DAQ;P03;J_DAQA;12;P05;J_DAQB;12;GND;IDC;10
DAQ;P03;J_DAQA;13;P05;J_DAQB;13;ADC_RESET;IDC;10
DAQ;P03;J_DAQA;14;P05;J_DAQB;14;GND;IDC;10
DAQ;P03;J_DAQA;15;P05;J_DAQB;15;MEAS_EN;IDC;10
DAQ;P03;J_DAQA;16;P05;J_DAQB;16;GND;IDC;10
ILOG;P03;J_ILOGA;1;P06;J_ILOGB;1;ADC_SCLK;IDC;10
ILOG;P03;J_ILOGA;3;P06;J_ILOGB;3;ADC_DOUTA;IDC;10
ILOG;P03;J_ILOGA;4;P06;J_ILOGB;4;GND;IDC;10
ILOG;P03;J_ILOGA;5;P06;J_ILOGB;5;CS_ILOG_N;IDC;10
ILOG;P03;J_ILOGA;6;P06;J_ILOGB;6;GND;IDC;10
ILOG;P03;J_ILOGA;7;P06;J_ILOGB;7;LOGGER_CURRENT_OK;IDC;10
ILOG;P03;J_ILOGA;8;P06;J_ILOGB;8;GND;IDC;10
ITEST;P03;J_ITESTA;1;P07;J_ITESTB;1;ADC_SCLK;IDC;10
ITEST;P03;J_ITESTA;3;P07;J_ITESTB;3;ADC_DOUTA;IDC;10
ITEST;P03;J_ITESTA;4;P07;J_ITESTB;4;GND;IDC;10
ITEST;P03;J_ITESTA;5;P07;J_ITESTB;5;CS_ITEST_N;IDC;10
ITEST;P03;J_ITESTA;6;P07;J_ITESTB;6;GND;IDC;10
SAFE;P03;J_SAFEA;1;P04;J_SAFEB;1;PWM;IDC;15
SAFE;P03;J_SAFEA;2;P04;J_SAFEB;2;GND;IDC;15
SAFE;P03;J_SAFEA;3;P04;J_SAFEB;3;HEARTBEAT;IDC;15
SAFE;P03;J_SAFEA;5;P04;J_SAFEB;5;MCU_ARM;IDC;15
SAFE;P03;J_SAFEA;6;P04;J_SAFEB;6;GND;IDC;15
SAFE;P03;J_SAFEA;7;P04;J_SAFEB;7;HW_ARMED;IDC;15
SAFE;P03;J_SAFEA;8;P04;J_SAFEB;8;GND;IDC;15
SAFE;P03;J_SAFEA;9;P04;J_SAFEB;9;INTERLOCK;IDC;15
SAFE;P03;J_SAFEA;10;P04;J_SAFEB;10;GND;IDC;15
SAFE;P03;J_SAFEA;11;P04;J_SAFEB;11;SENSOR_ENABLE;IDC;15
SAFE;P03;J_SAFEA;12;P04;J_SAFEB;12;GND;IDC;15
SAFE;P03;J_SAFEA;13;P04;J_SAFEB;13;CORE_LINK;IDC;15
SAFE;P03;J_SAFEA;14;P04;J_SAFEB;14;GND;IDC;15
SAFE;P03;J_SAFEA;15;P04;J_SAFEB;15;SUP_N;IDC;15
SAFE;P03;J_SAFEA;16;P04;J_SAFEB;16;GND;IDC;15
DRIVE;P04;J_DRIVEA;1;P07;J_DRIVEB;1;MOTOR_PERMIT;IDC;15
DRIVE;P04;J_DRIVEA;3;P07;J_DRIVEB;3;PWM_OUT;IDC;15
DRIVE;P04;J_DRIVEA;4;P07;J_DRIVEB;4;GND;IDC;15
DRIVE;P04;J_DRIVEA;5;P07;J_DRIVEB;5;ARM_CLK;IDC;15
DRIVE;P04;J_DRIVEA;6;P07;J_DRIVEB;6;GND;IDC;15
DRIVE;P04;J_DRIVEA;7;P07;J_DRIVEB;7;DRIVE_OK;IDC;15
DRIVE;P04;J_DRIVEA;8;P07;J_DRIVEB;8;GND;IDC;15
DRIVE;P04;J_DRIVEA;9;P07;J_DRIVEB;9;SAFE_N;IDC;15
DRIVE;P04;J_DRIVEA;10;P07;J_DRIVEB;10;GND;IDC;15
DIR;P03;J_DIRA;1;P07;J_DIRB;1;MOTOR_INA;IDC;15
DIR;P03;J_DIRA;2;P07;J_DIRB;2;GND;IDC;15
DIR;P03;J_DIRA;3;P07;J_DIRB;3;MOTOR_INB;IDC;15
DIR;P03;J_DIRA;5;P07;J_DIRB;5;ENA_DIAG;IDC;15
DIR;P03;J_DIRA;6;P07;J_DIRB;6;GND;IDC;15
DIR;P03;J_DIRA;7;P07;J_DIRB;7;ENB_DIAG;IDC;15
DIR;P03;J_DIRA;8;P07;J_DIRB;8;GND;IDC;15
SENSOR;P04;J_SENSORA;1;P08;J_SENSORB;1;SENSOR_PERMIT;IDC;15
SENSOR;P04;J_SENSORA;3;P08;J_SENSORB;3;SENSOR_OK;IDC;15
SENSOR;P04;J_SENSORA;4;P08;J_SENSORB;4;GND;IDC;15
SFAULT;P03;J_SFAULTA;1;P08;J_SFAULTB;1;SENSOR_FAULT_N;IDC;15
SFAULT;P03;J_SFAULTA;2;P08;J_SFAULTB;2;GND;IDC;15
SFAULT;P03;J_SFAULTA;4;P08;J_SFAULTB;4;NC;IDC;15
SFAULT;P03;J_SFAULTA;5;P08;J_SFAULTB;5;NC;IDC;15
SFAULT;P03;J_SFAULTA;6;P08;J_SFAULTB;6;NC;IDC;15
DAQOK;P04;J_DAQOKA;1;P05;J_DAQOKB;1;DAQ_OK;IDC;15
DAQOK;P04;J_DAQOKA;2;P05;J_DAQOKB;2;GND;IDC;15
DAQOK;P04;J_DAQOKA;3;P05;J_DAQOKB;3;NC;IDC;15
DAQOK;P04;J_DAQOKA;5;P05;J_DAQOKB;5;NC;IDC;15
DAQOK;P04;J_DAQOKA;6;P05;J_DAQOKB;6;NC;IDC;15
PSUOK;P04;J_PSUOKA;1;P02;J_PSUOKB;1;PSU_OK;IDC;15
PSUOK;P04;J_PSUOKA;2;P02;J_PSUOKB;2;GND;IDC;15
PSUOK;P04;J_PSUOKA;3;P02;J_PSUOKB;3;NC;IDC;15
PSUOK;P04;J_PSUOKA;4;P02;J_PSUOKB;4;NC;IDC;15
PSUOK;P04;J_PSUOKA;6;P02;J_PSUOKB;6;NC;IDC;15
PG;P04;J_PGA;1;P01;J_PGB;1;3V3_IO;MicroFit-6;20
PG;P04;J_PGA;2;P01;J_PGB;2;SAFE_N;MicroFit-6;20
PG;P04;J_PGA;3;P01;J_PGB;3;GND;MicroFit-6;20
PG;P04;J_PGA;4;P01;J_PGB;4;PG_SEND;MicroFit-6;20
PG;P04;J_PGA;5;P01;J_PGB;5;PG_LINK;MicroFit-6;20
PG;P04;J_PGA;6;P01;J_PGB;6;GND;MicroFit-6;20
TEMP;P03;J_TEMPA;1;P09;J_TEMPB;1;SPI3_SCLK;IDC;10
TEMP;P03;J_TEMPA;2;P09;J_TEMPB;2;GND;IDC;10
TEMP;P03;J_TEMPA;3;P09;J_TEMPB;3;SPI3_MOSI;IDC;10
TEMP;P03;J_TEMPA;5;P09;J_TEMPB;5;SPI3_MISO;IDC;10
TEMP;P03;J_TEMPA;6;P09;J_TEMPB;6;GND;IDC;10
TEMP;P03;J_TEMPA;7;P09;J_TEMPB;7;TC1_CS;IDC;10
TEMP;P03;J_TEMPA;8;P09;J_TEMPB;8;GND;IDC;10
TEMP;P03;J_TEMPA;9;P09;J_TEMPB;9;TC2_CS;IDC;10
TEMP;P03;J_TEMPA;10;P09;J_TEMPB;10;GND;IDC;10
CAN;P03;J_CANA;1;P10;J_CANB;1;CAN_TX;IDC;15
CAN;P03;J_CANA;2;P10;J_CANB;2;GND;IDC;15
CAN;P03;J_CANA;3;P10;J_CANB;3;CAN_RX;IDC;15
PANELSAFE;P04;J_PANELSAFEA;1;P11;J_PANELSAFEB;1;3V3_IO;MicroFit-10;30
PANELSAFE;P04;J_PANELSAFEA;2;P11;J_PANELSAFEB;2;GND;MicroFit-10;30
PANELSAFE;P04;J_PANELSAFEA;3;P11;J_PANELSAFEB;3;TEST_KEY;MicroFit-10;30
PANELSAFE;P04;J_PANELSAFEA;4;P11;J_PANELSAFEB;4;MECH_OK;MicroFit-10;30
PANELSAFE;P04;J_PANELSAFEA;5;P11;J_PANELSAFEB;5;LOGGER_CLEAR;MicroFit-10;30
PANELSAFE;P04;J_PANELSAFEA;6;P11;J_PANELSAFEB;6;TEST_PRESENT;MicroFit-10;30
PANELSAFE;P04;J_PANELSAFEA;7;P11;J_PANELSAFEB;7;STOP_NC_OUT;MicroFit-10;30
PANELSAFE;P04;J_PANELSAFEA;8;P11;J_PANELSAFEB;8;NC;MicroFit-10;30
PANELSAFE;P04;J_PANELSAFEA;9;P11;J_PANELSAFEB;9;ARM_CONTACT;MicroFit-10;30
PANELSAFE;P04;J_PANELSAFEA;10;P11;J_PANELSAFEB;10;GND;MicroFit-10;30
PANELCORE;P03;J_PANELCOREA;1;P11;J_PANELCOREB;1;GND;MicroFit-8;30
PANELCORE;P03;J_PANELCOREA;2;P11;J_PANELCOREB;2;MARK;MicroFit-8;30
PANELCORE;P03;J_PANELCOREA;3;P11;J_PANELCOREB;3;TEST_KEY;MicroFit-8;30
PANELCORE;P03;J_PANELCOREA;4;P11;J_PANELCOREB;4;LOGGER_CLEAR;MicroFit-8;30
PANELCORE;P03;J_PANELCOREA;5;P11;J_PANELCOREB;5;TEST_PRESENT;MicroFit-8;30
PANELCORE;P03;J_PANELCOREA;6;P11;J_PANELCOREB;6;STATUS_LED;MicroFit-8;30
PANELCORE;P03;J_PANELCOREA;7;P11;J_PANELCOREB;7;N_J_SCOPE_HOT;MicroFit-8;30
PANELCORE;P03;J_PANELCOREA;8;P11;J_PANELCOREB;8;GND;MicroFit-8;30
SUPPLY;P01;J_SUPPLYA;1;P02;J_SUPPLYB;1;VPROT;MSTB 5.08 >=12A;20
SUPPLY;P01;J_SUPPLYA;2;P02;J_SUPPLYB;2;GND;MSTB 5.08 >=12A;20
SUPPLY;P01;J_SUPPLYA;3;P02;J_SUPPLYB;3;NC;MSTB 5.08 >=12A;20
VMOTOR;P02;J_VMOTORA;1;P07;J_VMOTORB;1;VPROT;MSTB 5.08 >=12A;20
VMOTOR;P02;J_VMOTORA;2;P07;J_VMOTORB;2;GND;MSTB 5.08 >=12A;20
VMOTOR;P02;J_VMOTORA;3;P07;J_VMOTORB;3;NC;MSTB 5.08 >=12A;20
LV03;P02;J_LV03A;1;P03;J_LV03B;1;5V_SYS;MicroFit-4;20
LV03;P02;J_LV03A;2;P03;J_LV03B;2;GND;MicroFit-4;20
LV03;P02;J_LV03A;3;P03;J_LV03B;3;3V3_IO;MicroFit-4;20
LV03;P02;J_LV03A;4;P03;J_LV03B;4;GND;MicroFit-4;20
LV04;P02;J_LV04A;1;P04;J_LV04B;1;5V_SYS;MicroFit-4;20
LV04;P02;J_LV04A;2;P04;J_LV04B;2;GND;MicroFit-4;20
LV04;P02;J_LV04A;3;P04;J_LV04B;3;3V3_IO;MicroFit-4;20
LV04;P02;J_LV04A;4;P04;J_LV04B;4;GND;MicroFit-4;20
LV05;P02;J_LV05A;1;P05;J_LV05B;1;5V_SYS;MicroFit-4;20
LV05;P02;J_LV05A;2;P05;J_LV05B;2;GND;MicroFit-4;20
LV05;P02;J_LV05A;3;P05;J_LV05B;3;3V3_IO;MicroFit-4;20
LV05;P02;J_LV05A;4;P05;J_LV05B;4;GND;MicroFit-4;20
LV06;P02;J_LV06A;1;P06;J_LV06B;1;5V_SYS;MicroFit-4;20
LV06;P02;J_LV06A;2;P06;J_LV06B;2;GND;MicroFit-4;20
LV06;P02;J_LV06A;3;P06;J_LV06B;3;3V3_IO;MicroFit-4;20
LV06;P02;J_LV06A;4;P06;J_LV06B;4;GND;MicroFit-4;20
LV07;P02;J_LV07A;1;P07;J_LV07B;1;5V_SYS;MicroFit-4;20
LV07;P02;J_LV07A;2;P07;J_LV07B;2;GND;MicroFit-4;20
LV07;P02;J_LV07A;3;P07;J_LV07B;3;3V3_IO;MicroFit-4;20
LV07;P02;J_LV07A;4;P07;J_LV07B;4;GND;MicroFit-4;20
LV08;P02;J_LV08A;1;P08;J_LV08B;1;5V_SYS;MicroFit-4;20
LV08;P02;J_LV08A;2;P08;J_LV08B;2;GND;MicroFit-4;20
LV08;P02;J_LV08A;3;P08;J_LV08B;3;3V3_IO;MicroFit-4;20
LV08;P02;J_LV08A;4;P08;J_LV08B;4;GND;MicroFit-4;20
LV09;P02;J_LV09A;1;P09;J_LV09B;1;5V_SYS;MicroFit-4;20
LV09;P02;J_LV09A;2;P09;J_LV09B;2;GND;MicroFit-4;20
LV09;P02;J_LV09A;3;P09;J_LV09B;3;3V3_IO;MicroFit-4;20
LV09;P02;J_LV09A;4;P09;J_LV09B;4;GND;MicroFit-4;20
LV10;P02;J_LV10A;1;P10;J_LV10B;1;5V_SYS;MicroFit-4;20
LV10;P02;J_LV10A;2;P10;J_LV10B;2;GND;MicroFit-4;20
LV10;P02;J_LV10A;3;P10;J_LV10B;3;3V3_IO;MicroFit-4;20
LV10;P02;J_LV10A;4;P10;J_LV10B;4;GND;MicroFit-4;20
TAPS;P11;J_TAPSA;1;P05;J_TAPSB;1;TAP_P1;MSTB 3.81 ANALOG;5
TAPS;P11;J_TAPSA;2;P05;J_TAPSB;2;TAP_P3;MSTB 3.81 ANALOG;5
TAPS;P11;J_TAPSA;3;P05;J_TAPSB;3;TAP_P4;MSTB 3.81 ANALOG;5
TAPS;P11;J_TAPSA;4;P05;J_TAPSB;4;TAP_P5;MSTB 3.81 ANALOG;5
TAPS;P11;J_TAPSA;5;P05;J_TAPSB;5;TAP_P6;MSTB 3.81 ANALOG;5
TAPS;P11;J_TAPSA;6;P05;J_TAPSB;6;GND;MSTB 3.81 ANALOG;5
ISERIES;P11;J_ISERIESA;1;P06;J_ISERIESB;1;ECU_P1;MSTB 5.08 >=12A yellow;15
ISERIES;P11;J_ISERIESA;2;P06;J_ISERIESB;2;EGR_P1;MSTB 5.08 >=12A yellow;15
ISERIES;P11;J_ISERIESA;3;P06;J_ISERIESB;3;NC;MSTB 5.08 >=12A yellow;15
ISERIES;P11;J_ISERIESA;4;P06;J_ISERIESB;4;NC;MSTB 5.08 >=12A yellow;15
TMOTOR;P07;J_TMOTORA;1;P11;J_TMOTORB;1;T_EGR_P1;MSTB 5.08 >=12A red;15
TMOTOR;P07;J_TMOTORA;2;P11;J_TMOTORB;2;T_EGR_P3;MSTB 5.08 >=12A red;15
TMOTOR;P07;J_TMOTORA;3;P11;J_TMOTORB;3;NC;MSTB 5.08 >=12A red;15
TMOTOR;P07;J_TMOTORA;4;P11;J_TMOTORB;4;NC;MSTB 5.08 >=12A red;15
TMOTOR;P07;J_TMOTORA;5;P11;J_TMOTORB;5;NC;MSTB 5.08 >=12A red;15
TSENSOR;P08;J_TSENSORA;1;P11;J_TSENSORB;1;5V_SENSOR;MicroFit-2 blue;15
TSENSOR;P08;J_TSENSORA;2;P11;J_TSENSORB;2;AGND_SENSOR;MicroFit-2 blue;15
EXT_T;P11;J_TEST;1;AT;PLUG;1;T_EGR_P1;DEUTSCH DT12 key A;100
EXT_T;P11;J_TEST;2;AT;PLUG;2;T_EGR_P3;DEUTSCH DT12 key A;100
EXT_T;P11;J_TEST;3;AT;PLUG;3;5V_SENSOR;DEUTSCH DT12 key A;100
EXT_T;P11;J_TEST;4;AT;PLUG;4;AGND_SENSOR;DEUTSCH DT12 key A;100
EXT_T;P11;J_TEST;5;AT;PLUG;5;TAP_P1;DEUTSCH DT12 key A;100
EXT_T;P11;J_TEST;6;AT;PLUG;6;TAP_P3;DEUTSCH DT12 key A;100
EXT_T;P11;J_TEST;7;AT;PLUG;7;TAP_P4;DEUTSCH DT12 key A;100
EXT_T;P11;J_TEST;8;AT;PLUG;8;TAP_P5;DEUTSCH DT12 key A;100
EXT_T;P11;J_TEST;9;AT;PLUG;9;TAP_P6;DEUTSCH DT12 key A;100
EXT_T;P11;J_TEST;10;AT;PLUG;10;LOOP_OUT;DEUTSCH DT12 key A;100
EXT_T;P11;J_TEST;11;AT;PLUG;11;MECH_OK;DEUTSCH DT12 key A;100
EXT_T;P11;J_TEST;12;AT;PLUG;12;NC;DEUTSCH DT12 key A;100
EXT_L1;P11;J_L1;1;AL1;PLUG;1;ECU_P1;DEUTSCH DT12 key B;100
EXT_L1;P11;J_L1;2;AL1;PLUG;2;EGR_P1;DEUTSCH DT12 key B;100
EXT_L1;P11;J_L1;3;AL1;PLUG;3;TAP_P1;DEUTSCH DT12 key B;100
EXT_L1;P11;J_L1;4;AL1;PLUG;4;TAP_P3;DEUTSCH DT12 key B;100
EXT_L1;P11;J_L1;5;AL1;PLUG;5;TAP_P4;DEUTSCH DT12 key B;100
EXT_L1;P11;J_L1;6;AL1;PLUG;6;TAP_P5;DEUTSCH DT12 key B;100
EXT_L1;P11;J_L1;7;AL1;PLUG;7;TAP_P6;DEUTSCH DT12 key B;100
EXT_L1;P11;J_L1;8;AL1;PLUG;8;NC;DEUTSCH DT12 key B;100
EXT_L1;P11;J_L1;9;AL1;PLUG;9;NC;DEUTSCH DT12 key B;100
EXT_L1;P11;J_L1;10;AL1;PLUG;10;NC;DEUTSCH DT12 key B;100
EXT_L1;P11;J_L1;11;AL1;PLUG;11;NC;DEUTSCH DT12 key B;100
EXT_L1;P11;J_L1;12;AL1;PLUG;12;GND;DEUTSCH DT12 key B;100
EXT_L2;P11;J_L2;1;AL2;PLUG;1;TAP_P1;DEUTSCH DT12 key C;100
EXT_L2;P11;J_L2;2;AL2;PLUG;2;TAP_P3;DEUTSCH DT12 key C;100
EXT_L2;P11;J_L2;3;AL2;PLUG;3;TAP_P4;DEUTSCH DT12 key C;100
EXT_L2;P11;J_L2;4;AL2;PLUG;4;TAP_P5;DEUTSCH DT12 key C;100
EXT_L2;P11;J_L2;5;AL2;PLUG;5;TAP_P6;DEUTSCH DT12 key C;100
EXT_L2;P11;J_L2;6;AL2;PLUG;6;NC;DEUTSCH DT12 key C;100
EXT_L2;P11;J_L2;7;AL2;PLUG;7;NC;DEUTSCH DT12 key C;100
EXT_L2;P11;J_L2;8;AL2;PLUG;8;NC;DEUTSCH DT12 key C;100
EXT_L2;P11;J_L2;9;AL2;PLUG;9;NC;DEUTSCH DT12 key C;100
EXT_L2;P11;J_L2;10;AL2;PLUG;10;NC;DEUTSCH DT12 key C;100
EXT_L2;P11;J_L2;11;AL2;PLUG;11;NC;DEUTSCH DT12 key C;100
EXT_L2;P11;J_L2;12;AL2;PLUG;12;GND;DEUTSCH DT12 key C;100
BAT;EXT;J_BATA;1;P01;J_BATB;1;BAT_FUSED;MSTB 5.08 >=12A black;20
BAT;EXT;J_BATA;2;P01;J_BATB;2;GND;MSTB 5.08 >=12A black;20
