modul;wykonanie_przyjete;warstwy_zamawianej_pcb;montaz;uwagi
P00;uniwersalna;;reczny;Przyrzad stanowiskowy
P01;PCB zamawiana;2;reczny;Ochrona i tor mocy, zalozenie 70um Cu
P02;uniwersalna;;reczny;TSR na nosniku, tor mocy grubym przewodem
P03;uniwersalna;;reczny;Waveshare i SD na nosnikach, SPI krotko
P04;uniwersalna;;reczny;DIP i adaptery, lokalne odsprzeganie i krotkie CLK/CLR
P05;PCB zamawiana;2;reczny;AD7606BBSTZ bezposrednio, zalozenie 35um Cu
P06;uniwersalna;;reczny;Zwarty tor pradu, prawdziwy Kelvin, odbior dynamiki
P07;PCB zamawiana;2;reczny;Gotowy nosnik mostka, lokalne OC, zalozenie 70um Cu
P08;uniwersalna;;reczny;TPS2553 na adapterze
P09;uniwersalna;;reczny;Gotowe moduly MAX31856
P10;uniwersalna;;reczny;Transceiver na adapterze, krotki CAN i ochrona przy zlaczu
P11;panel i wiazka;;reczny;Uniwersalna opcjonalna, przewody mocy poza jej cienkimi polami
