ref_P12;plytka;zlacze;typ;poziom;slot;x_mm;z_spodu_plytki_mm;z_osi_mm;footprint
J1;P02 R4;J_BP;IDC 2×10;1;S3;133.5;8.0;14.05;Connector_IDC:IDC-Header_2x10_P2.54mm_Vertical
J2;P03 R6;J_BP1;IDC 2×10;2;S1;26.5;34.6;40.65;Connector_IDC:IDC-Header_2x10_P2.54mm_Vertical
J3;P03 R6;J_BP2;IDC 2×10;2;S2;80.0;34.6;40.65;Connector_IDC:IDC-Header_2x10_P2.54mm_Vertical
J4;P03 R6;J_BP3;IDC 2×10;2;S3;133.5;34.6;40.65;Connector_IDC:IDC-Header_2x10_P2.54mm_Vertical
J5;P05 R3;J_BP1;IDC 2×5;3;S1;26.5;56.2;62.25;Connector_IDC:IDC-Header_2x05_P2.54mm_Vertical
J6;P05 R3;J_BP2;IDC 2×10;3;S2;80.0;56.2;62.25;Connector_IDC:IDC-Header_2x10_P2.54mm_Vertical
J7;P09 R2;J1;IDC 2×8;3;S3;133.5;56.2;62.25;Connector_IDC:IDC-Header_2x08_P2.54mm_Vertical
J8;P06 R2;J_BP;IDC 2×8;4;S2;80.0;77.8;83.85;Connector_IDC:IDC-Header_2x08_P2.54mm_Vertical
J9;P10 R2;J1;IDC 2×5;4;S3;133.5;77.8;83.85;Connector_IDC:IDC-Header_2x05_P2.54mm_Vertical
J10;P11 R2;J_P12;IDC 2×10;panel;—;26.5;;14.05;Connector_IDC:IDC-Header_2x10_P2.54mm_Vertical
J11;P08 R2;J_BP;IDC 2×8;5;S1;26.5;99.4;105.45;Connector_IDC:IDC-Header_2x08_P2.54mm_Vertical
J12;P07 S1;J_BP1;IDC 2×8;5;S2;80.0;99.4;105.45;Connector_IDC:IDC-Header_2x08_P2.54mm_Vertical
J13;P07 S1;J_BP2;IDC 2×8;5;S3;133.5;99.4;105.45;Connector_IDC:IDC-Header_2x08_P2.54mm_Vertical
J14;P04 R3;J_BP1;IDC 2×8;6;S1;26.5;121.0;127.05;Connector_IDC:IDC-Header_2x08_P2.54mm_Vertical
J15;P04 R3;J_BP2;IDC 2×10;6;S2;80.0;121.0;127.05;Connector_IDC:IDC-Header_2x10_P2.54mm_Vertical
J16;P04 R3;J_BP3;IDC 2×10;6;S3;133.5;121.0;127.05;Connector_IDC:IDC-Header_2x10_P2.54mm_Vertical
