ref;source_ref;display;mpn;qty;footprint;url;note
M1;M1;Waveshare N32R16V;owned (Waveshare ESP32-S3-DEV-KIT-N32R16V) on 2x 1x22 female headers;1;P03:Waveshare_ESP32-S3-DEV-KIT_2x22_W22.86;https://docs.waveshare.com/ESP32-S3-DEV-KIT-N8R8;"Rows 22.86 mm (measured). GPIO numbers are the v6.1 contract. Remove the on-board RGB LED on GPIO38 (v6.1). GPIO47/48 1.8 V: unused. 3V3 = 3V3_CORE; never tie to 3V3_IO."
SD1;SD1;Adafruit 4682;Adafruit 4682 on a 1x9 female header + 2x M2.5 spacer;1;P03:Adafruit_4682_microSD_1x09;https://www.adafruit.com/product/4682;User decision 25.09: Adafruit 4682 (3 V only, no regulator/level shifter). SO = card out (MISO), SI = card in (MOSI). D1, DAT2, DET unused.
U1;U17;MCP23017-E/SP;MCP23017-E/SP;1;Package_DIP:DIP-28_W7.62mm;https://ww1.microchip.com/downloads/en/devicedoc/20001952c.pdf;Address 0x20 (A2..A0 = GND). IODIRA 0x10, IODIRB 0x7F (v6.1). In 2x DIP14 precision sockets end to end (bought).
C2;C_DEC_U17_9;100nF / X7R;K104K15X7RF53H5;1;P03:C_Vishay_K15_H5_P5;https://www.vishay.com/docs/45171/kseries.pdf;At U1 pin 9.
U2;U_CS;SN74HC139N;SN74HC139N;1;Package_DIP:DIP-16_W7.62mm;https://www.ti.com/lit/ds/symlink/sn74hc139.pdf;/G = GPIO38, A = MEAS_BANK, B = GND (v6.1). Second half disabled. DIP16 socket (bought).
C1;C_CS;100nF / X7R;K104K15X7RF53H5;1;P03:C_Vishay_K15_H5_P5;https://www.vishay.com/docs/45171/kseries.pdf;At U2 pin 16.
R1;R_CS_IDLE;10K / 1%;MF0207FTE-10K;1;Resistor_THT:R_Axial_DIN0207_L6.3mm_D2.5mm_P10.16mm_Horizontal;https://www.yageo.com/upload/media/product/productsearch/datasheet/lr/Yageo_LR_MFR_1.pdf;Decoder disabled while GPIO38 floats.
U3;U5;TPS3808G33 / PA0085;TPS3808G33DBVR on Chip Quik PA0085;1;P03:Adapter_SOT23-6_DIP6_W15.24_ChipQuik_PA0085;https://www.ti.com/lit/ds/symlink/tps3808.pdf;SOT23-6 on PA0085 (rows 15.24 mm, measured). Pin n = SOT pin n: confirm on the adapter before soldering. CT open = fixed delay.
C3;C_DEC_U5_6;100nF / X7R;K104K15X7RF53H5;1;P03:C_Vishay_K15_H5_P5;https://www.vishay.com/docs/45171/kseries.pdf;At U3 pin 6.
R13;R_SUP_PU;10K / 1%;MF0207FTE-10K;1;Resistor_THT:R_Axial_DIN0207_L6.3mm_D2.5mm_P10.16mm_Horizontal;https://www.yageo.com/upload/media/product/productsearch/datasheet/lr/Yageo_LR_MFR_1.pdf;"Supervisor pull-up before U4; does not discharge Waveshare EN capacitor."
R9;R_PU_I2C_SCL;4K7 / 1%;MF0207FTE-4K7;1;Resistor_THT:R_Axial_DIN0207_L6.3mm_D2.5mm_P10.16mm_Horizontal;https://www.yageo.com/upload/media/product/productsearch/datasheet/lr/Yageo_LR_MFR_1.pdf;
R10;R_PU_I2C_SDA;4K7 / 1%;MF0207FTE-4K7;1;Resistor_THT:R_Axial_DIN0207_L6.3mm_D2.5mm_P10.16mm_Horizontal;https://www.yageo.com/upload/media/product/productsearch/datasheet/lr/Yageo_LR_MFR_1.pdf;
R11;R_PU_SD_CS;10K / 1%;MF0207FTE-10K;1;Resistor_THT:R_Axial_DIN0207_L6.3mm_D2.5mm_P10.16mm_Horizontal;https://www.yageo.com/upload/media/product/productsearch/datasheet/lr/Yageo_LR_MFR_1.pdf;Card deselected while GPIO7 floats.
R12;R_SCOPE;330R / 1%;MF0207FTE-330R;1;Resistor_THT:R_Axial_DIN0207_L6.3mm_D2.5mm_P10.16mm_Horizontal;https://www.yageo.com/upload/media/product/productsearch/datasheet/lr/Yageo_LR_MFR_1.pdf;SCOPE_TRIG series resistor to PANELCORE pin 7.
R5;R_MARK;10K / 1%;MF0207FTE-10K;1;Resistor_THT:R_Axial_DIN0207_L6.3mm_D2.5mm_P10.16mm_Horizontal;https://www.yageo.com/upload/media/product/productsearch/datasheet/lr/Yageo_LR_MFR_1.pdf;
C4;C_MARK;100nF / X7R;K104K15X7RF53H5;1;P03:C_Vishay_K15_H5_P5;https://www.vishay.com/docs/45171/kseries.pdf;MARK button debounce.
R4;R_LED;1K / 1%;MF0207FTE-1K;1;Resistor_THT:R_Axial_DIN0207_L6.3mm_D2.5mm_P10.16mm_Horizontal;https://www.yageo.com/upload/media/product/productsearch/datasheet/lr/Yageo_LR_MFR_1.pdf;
LED1;LED1;GREEN 3mm / STATUS;L-934GD;1;LED_THT:LED_D3.0mm;https://www.kingbrightusa.com/images/catalog/SPEC/L-934GD.pdf;MCP23017 GPA7.
R14;W_LINK;1K / 1%;MF0207FTE-1K;1;Resistor_THT:R_Axial_DIN0207_L6.3mm_D2.5mm_P10.16mm_Horizontal;https://www.yageo.com/upload/media/product/productsearch/datasheet/lr/Yageo_LR_MFR_1.pdf;"CORE_LINK = presence of 3V3_CORE through 1 k (R3, review P3-02): a harness short to GND draws 3.3 mA; P04 R16 10 k sees >= 2.85 V (74LVC125A VIH 2.0 V). v6.1 had a wire link."
J10;J_LV03B;LV03 / soldered harness;"PCB termination; H_LV03 from P02 J3";1;P03:Pigtail_LV_4xAWG22_P3.81;;H_LV03: 4 x AWG22, 200 mm, Mini-Fit Jr 4p at P02 (LV03). Soldered here, anchor 12.5 mm (v6.1: soldered end on P03).
U11;U_IN1;74LVC125A;74LVC125AD,118 (Nexperia) on Kamami 575068;1;P03:Adapter_SO14_DIP14_W15.24_Kamami575068;https://assets.nexperia.com/documents/data-sheet/74LVC125A.pdf;Nexperia only (Ioff), v6.1.
C5;C_U_IN1;100nF / X7R;K104K15X7RF53H5;1;P03:C_Vishay_K15_H5_P5;https://www.vishay.com/docs/45171/kseries.pdf;At U11 pin 14.
U12;U_IN2;74LVC125A;74LVC125AD,118 (Nexperia) on Kamami 575068;1;P03:Adapter_SO14_DIP14_W15.24_Kamami575068;https://assets.nexperia.com/documents/data-sheet/74LVC125A.pdf;Nexperia only (Ioff), v6.1.
C6;C_U_IN2;100nF / X7R;K104K15X7RF53H5;1;P03:C_Vishay_K15_H5_P5;https://www.vishay.com/docs/45171/kseries.pdf;At U12 pin 14.
U13;U_IN3;74LVC125A;74LVC125AD,118 (Nexperia) on Kamami 575068;1;P03:Adapter_SO14_DIP14_W15.24_Kamami575068;https://assets.nexperia.com/documents/data-sheet/74LVC125A.pdf;Nexperia only (Ioff), v6.1.
C7;C_U_IN3;100nF / X7R;K104K15X7RF53H5;1;P03:C_Vishay_K15_H5_P5;https://www.vishay.com/docs/45171/kseries.pdf;At U13 pin 14.
U14;U_IN4;74LVC125A;74LVC125AD,118 (Nexperia) on Kamami 575068;1;P03:Adapter_SO14_DIP14_W15.24_Kamami575068;https://assets.nexperia.com/documents/data-sheet/74LVC125A.pdf;Nexperia only (Ioff), v6.1. Unused OE# = 3V3_IO in U_IN4 as in v6.1.
C8;C_U_IN4;100nF / X7R;K104K15X7RF53H5;1;P03:C_Vishay_K15_H5_P5;https://www.vishay.com/docs/45171/kseries.pdf;At U14 pin 14.
U21;U_OUT1;74LVC125A;74LVC125AD,118 (Nexperia) on Kamami 575068;1;P03:Adapter_SO14_DIP14_W15.24_Kamami575068;https://assets.nexperia.com/documents/data-sheet/74LVC125A.pdf;Nexperia only (Ioff), v6.1.
C9;C_U_OUT1;100nF / X7R;K104K15X7RF53H5;1;P03:C_Vishay_K15_H5_P5;https://www.vishay.com/docs/45171/kseries.pdf;At U21 pin 14.
U22;U_OUT2;74LVC125A;74LVC125AD,118 (Nexperia) on Kamami 575068;1;P03:Adapter_SO14_DIP14_W15.24_Kamami575068;https://assets.nexperia.com/documents/data-sheet/74LVC125A.pdf;Nexperia only (Ioff), v6.1.
C10;C_U_OUT2;100nF / X7R;K104K15X7RF53H5;1;P03:C_Vishay_K15_H5_P5;https://www.vishay.com/docs/45171/kseries.pdf;At U22 pin 14.
U23;U_OUT3;74LVC125A;74LVC125AD,118 (Nexperia) on Kamami 575068;1;P03:Adapter_SO14_DIP14_W15.24_Kamami575068;https://assets.nexperia.com/documents/data-sheet/74LVC125A.pdf;Nexperia only (Ioff), v6.1.
C11;C_U_OUT3;100nF / X7R;K104K15X7RF53H5;1;P03:C_Vishay_K15_H5_P5;https://www.vishay.com/docs/45171/kseries.pdf;At U23 pin 14.
R2;R_CURRENT_OK;10K / 1%;MF0207FTE-10K;1;Resistor_THT:R_Axial_DIN0207_L6.3mm_D2.5mm_P10.16mm_Horizontal;https://www.yageo.com/upload/media/product/productsearch/datasheet/lr/Yageo_LR_MFR_1.pdf;Receiver pull-down: open cable = not OK.
R3;R_HW_PD;10K / 1%;MF0207FTE-10K;1;Resistor_THT:R_Axial_DIN0207_L6.3mm_D2.5mm_P10.16mm_Horizontal;https://www.yageo.com/upload/media/product/productsearch/datasheet/lr/Yageo_LR_MFR_1.pdf;Receiver pull-down.
R6;R_PD_LOGGER_CLEAR;10K / 1%;MF0207FTE-10K;1;Resistor_THT:R_Axial_DIN0207_L6.3mm_D2.5mm_P10.16mm_Horizontal;https://www.yageo.com/upload/media/product/productsearch/datasheet/lr/Yageo_LR_MFR_1.pdf;Receiver pull-down.
R7;R_PD_SENSOR_HEALTHY;10K / 1%;MF0207FTE-10K;1;Resistor_THT:R_Axial_DIN0207_L6.3mm_D2.5mm_P10.16mm_Horizontal;https://www.yageo.com/upload/media/product/productsearch/datasheet/lr/Yageo_LR_MFR_1.pdf;Receiver pull-down: cable open or transmitter unpowered = fault (v6.1).
R8;R_PD_TEST_PRESENT;10K / 1%;MF0207FTE-10K;1;Resistor_THT:R_Axial_DIN0207_L6.3mm_D2.5mm_P10.16mm_Horizontal;https://www.yageo.com/upload/media/product/productsearch/datasheet/lr/Yageo_LR_MFR_1.pdf;Receiver pull-down.
J1;J_DAQA;DAQ B2B / RA socket 2x8;Samtec SSW-108-02-G-D-RA (right-angle 2x8 socket, Au) or equivalent;1;Connector_PinSocket_2.54mm:PinSocket_2x08_P2.54mm_Horizontal;https://www.samtec.com/products/ssw;User decision 25.09: P05 beside P03, right-angle pair edge to edge. Key: position 2 blocked here, pin 2 removed on P05 (v6.1).
J2;J_ILOGA;ILOG / IDC 2x4 KEY 2;IDC box header 2x4, 2.54 mm, Au;1;Connector_IDC:IDC-Header_2x04_P2.54mm_Vertical;;KEY 2: remove header pin 2 (v6.1).
J3;J_ITESTA;ITEST / IDC 2x3 KEY 2;IDC box header 2x3, 2.54 mm, Au;1;Connector_IDC:IDC-Header_2x03_P2.54mm_Vertical;;KEY 2: remove header pin 2.
J4;J_SAFEA;SAFE / IDC 2x8 KEY 4;IDC box header 2x8, 2.54 mm, Au;1;Connector_IDC:IDC-Header_2x08_P2.54mm_Vertical;;KEY 4: remove header pin 4.
J5;J_DIRA;DIR / IDC 2x4 KEY 4;IDC box header 2x4, 2.54 mm, Au;1;Connector_IDC:IDC-Header_2x04_P2.54mm_Vertical;;KEY 4: remove header pin 4.
J6;J_SFAULTA;SFAULT / IDC 2x3 KEY 3;IDC box header 2x3, 2.54 mm, Au;1;Connector_IDC:IDC-Header_2x03_P2.54mm_Vertical;;KEY 3: remove header pin 3.
J7;J_TEMPA;TEMP / IDC 2x5 KEY 4;IDC box header 2x5, 2.54 mm, Au;1;Connector_IDC:IDC-Header_2x05_P2.54mm_Vertical;;KEY 4: remove header pin 4.
J8;J_CANA;CAN / IDC 2x3 KEY 4;IDC box header 2x3, 2.54 mm, Au;1;Connector_IDC:IDC-Header_2x03_P2.54mm_Vertical;;"User decision 25.09: 2x3 instead of the non-existent 2x2 box header; KEY 4 (remove pin 4); 5-6 NC. H_CAN and P10 follow (6-way ribbon)."
J9;J_PANELCOREA;PANELCORE / Mini-Fit Jr 8p;Molex Mini-Fit Jr 5566-08A vertical, Au (39-28-x08x);1;Connector_Molex:Molex_Mini-Fit_Jr_5566-08A_2x04_P4.20mm_Vertical;http://www.molex.com/pdm_docs/sd/039281083_sd.pdf;Key PANELCORE per v6.1 connectors.csv.
TP1;ADDED_TESTPAD;5V_SYS;PCB test pad;1;P03:TestPad_1;;"Probe access; no circuit function."
TP2;ADDED_TESTPAD;3V3_CORE;PCB test pad;1;P03:TestPad_1;;"Probe access; no circuit function."
TP3;ADDED_TESTPAD;3V3_IO;PCB test pad;1;P03:TestPad_1;;"Probe access; no circuit function."
TP4;ADDED_TESTPAD;GND;PCB test pad;1;P03:TestPad_1;;"Probe access; no circuit function."
TP5;ADDED_TESTPAD;SUP_N;PCB test pad;1;P03:TestPad_1;;"Probe access; no circuit function."
TP6;ADDED_TESTPAD;GND;PCB test pad;1;P03:TestPad_1;;"Probe access; no circuit function."
R15;ADDED_R2_SOURCE_DEFAULT;10K / 1%;MF0207FTE-10K;1;Resistor_THT:R_Axial_DIN0207_L6.3mm_D2.5mm_P10.16mm_Horizontal;https://www.yageo.com/upload/media/product/productsearch/datasheet/lr/Yageo_LR_MFR_1.pdf;Source-side reset/boot default. Required even when downstream has a pull resistor.
R16;ADDED_R2_SOURCE_DEFAULT;10K / 1%;MF0207FTE-10K;1;Resistor_THT:R_Axial_DIN0207_L6.3mm_D2.5mm_P10.16mm_Horizontal;https://www.yageo.com/upload/media/product/productsearch/datasheet/lr/Yageo_LR_MFR_1.pdf;Source-side reset/boot default. Required even when downstream has a pull resistor.
R17;ADDED_R2_SOURCE_DEFAULT;10K / 1%;MF0207FTE-10K;1;Resistor_THT:R_Axial_DIN0207_L6.3mm_D2.5mm_P10.16mm_Horizontal;https://www.yageo.com/upload/media/product/productsearch/datasheet/lr/Yageo_LR_MFR_1.pdf;Source-side reset/boot default. Required even when downstream has a pull resistor.
R18;ADDED_R2_SOURCE_DEFAULT;10K / 1%;MF0207FTE-10K;1;Resistor_THT:R_Axial_DIN0207_L6.3mm_D2.5mm_P10.16mm_Horizontal;https://www.yageo.com/upload/media/product/productsearch/datasheet/lr/Yageo_LR_MFR_1.pdf;Source-side reset/boot default. Required even when downstream has a pull resistor.
R19;ADDED_R2_SOURCE_DEFAULT;10K / 1%;MF0207FTE-10K;1;Resistor_THT:R_Axial_DIN0207_L6.3mm_D2.5mm_P10.16mm_Horizontal;https://www.yageo.com/upload/media/product/productsearch/datasheet/lr/Yageo_LR_MFR_1.pdf;Source-side reset/boot default. Required even when downstream has a pull resistor.
R20;ADDED_R2_SOURCE_DEFAULT;10K / 1%;MF0207FTE-10K;1;Resistor_THT:R_Axial_DIN0207_L6.3mm_D2.5mm_P10.16mm_Horizontal;https://www.yageo.com/upload/media/product/productsearch/datasheet/lr/Yageo_LR_MFR_1.pdf;Source-side reset/boot default. Required even when downstream has a pull resistor.
R21;ADDED_R2_SOURCE_DEFAULT;10K / 1%;MF0207FTE-10K;1;Resistor_THT:R_Axial_DIN0207_L6.3mm_D2.5mm_P10.16mm_Horizontal;https://www.yageo.com/upload/media/product/productsearch/datasheet/lr/Yageo_LR_MFR_1.pdf;Source-side reset/boot default. Required even when downstream has a pull resistor.
R22;ADDED_R2_SOURCE_DEFAULT;10K / 1%;MF0207FTE-10K;1;Resistor_THT:R_Axial_DIN0207_L6.3mm_D2.5mm_P10.16mm_Horizontal;https://www.yageo.com/upload/media/product/productsearch/datasheet/lr/Yageo_LR_MFR_1.pdf;Source-side reset/boot default. Required even when downstream has a pull resistor.
R23;ADDED_R2_SOURCE_DEFAULT;10K / 1%;MF0207FTE-10K;1;Resistor_THT:R_Axial_DIN0207_L6.3mm_D2.5mm_P10.16mm_Horizontal;https://www.yageo.com/upload/media/product/productsearch/datasheet/lr/Yageo_LR_MFR_1.pdf;Source-side reset/boot default. Required even when downstream has a pull resistor.
R24;ADDED_R2_SOURCE_DEFAULT;10K / 1%;MF0207FTE-10K;1;Resistor_THT:R_Axial_DIN0207_L6.3mm_D2.5mm_P10.16mm_Horizontal;https://www.yageo.com/upload/media/product/productsearch/datasheet/lr/Yageo_LR_MFR_1.pdf;Source-side reset/boot default. Required even when downstream has a pull resistor.
R25;ADDED_R2_SOURCE_DEFAULT;10K / 1%;MF0207FTE-10K;1;Resistor_THT:R_Axial_DIN0207_L6.3mm_D2.5mm_P10.16mm_Horizontal;https://www.yageo.com/upload/media/product/productsearch/datasheet/lr/Yageo_LR_MFR_1.pdf;Source-side reset/boot default. Required even when downstream has a pull resistor.
R26;ADDED_R2_RECEIVER_DEFAULT;10K / 1%;MF0207FTE-10K;1;Resistor_THT:R_Axial_DIN0207_L6.3mm_D2.5mm_P10.16mm_Horizontal;https://www.yageo.com/upload/media/product/productsearch/datasheet/lr/Yageo_LR_MFR_1.pdf;Receiver-side default before buffer. Not a device-presence detector.
R27;ADDED_R2_RECEIVER_DEFAULT;10K / 1%;MF0207FTE-10K;1;Resistor_THT:R_Axial_DIN0207_L6.3mm_D2.5mm_P10.16mm_Horizontal;https://www.yageo.com/upload/media/product/productsearch/datasheet/lr/Yageo_LR_MFR_1.pdf;Receiver-side default before buffer. Not a device-presence detector.
R28;ADDED_R2_RECEIVER_DEFAULT;10K / 1%;MF0207FTE-10K;1;Resistor_THT:R_Axial_DIN0207_L6.3mm_D2.5mm_P10.16mm_Horizontal;https://www.yageo.com/upload/media/product/productsearch/datasheet/lr/Yageo_LR_MFR_1.pdf;Receiver-side default before buffer. Not a device-presence detector.
R29;ADDED_R2_RECEIVER_DEFAULT;10K / 1%;MF0207FTE-10K;1;Resistor_THT:R_Axial_DIN0207_L6.3mm_D2.5mm_P10.16mm_Horizontal;https://www.yageo.com/upload/media/product/productsearch/datasheet/lr/Yageo_LR_MFR_1.pdf;Receiver-side default before buffer. Not a device-presence detector.
R30;ADDED_R2_RECEIVER_DEFAULT;10K / 1%;MF0207FTE-10K;1;Resistor_THT:R_Axial_DIN0207_L6.3mm_D2.5mm_P10.16mm_Horizontal;https://www.yageo.com/upload/media/product/productsearch/datasheet/lr/Yageo_LR_MFR_1.pdf;Receiver-side default before buffer. Not a device-presence detector.
R31;ADDED_R2_RECEIVER_DEFAULT;10K / 1%;MF0207FTE-10K;1;Resistor_THT:R_Axial_DIN0207_L6.3mm_D2.5mm_P10.16mm_Horizontal;https://www.yageo.com/upload/media/product/productsearch/datasheet/lr/Yageo_LR_MFR_1.pdf;Receiver-side default before buffer. Not a device-presence detector.
R32;ADDED_R2_RECEIVER_DEFAULT;10K / 1%;MF0207FTE-10K;1;Resistor_THT:R_Axial_DIN0207_L6.3mm_D2.5mm_P10.16mm_Horizontal;https://www.yageo.com/upload/media/product/productsearch/datasheet/lr/Yageo_LR_MFR_1.pdf;Receiver-side default before buffer. Not a device-presence detector.
R33;ADDED_R2_RECEIVER_DEFAULT;10K / 1%;MF0207FTE-10K;1;Resistor_THT:R_Axial_DIN0207_L6.3mm_D2.5mm_P10.16mm_Horizontal;https://www.yageo.com/upload/media/product/productsearch/datasheet/lr/Yageo_LR_MFR_1.pdf;Receiver-side default before buffer. Not a device-presence detector.
U4;ADDED_R2_RESET_BUFFER;SN74LVC1G07DBVR;SN74LVC1G07DBVR;1;Package_TO_SOT_SMD:SOT-23-5;https://www.ti.com/lit/ds/symlink/sn74lvc1g07.pdf;"DBV SOT23-5, 0.95 mm pitch; direct hand soldering. Non-inverting OD; never substitute push-pull."
R34;ADDED_R2_RESET_LIMIT;220R / 1%;MF0207FTE-220R;1;Resistor_THT:R_Axial_DIN0207_L6.3mm_D2.5mm_P10.16mm_Horizontal;https://www.yageo.com/upload/media/product/productsearch/datasheet/lr/Yageo_LR_MFR_1.pdf;Limits discharge of the module EN capacitor to <16 mA at 3.465 V. Final SUP_N goes to MCU EN, MCP reset and P04.
R35;ADDED_R2_RESET_PULLUP;10K / 1%;MF0207FTE-10K;1;Resistor_THT:R_Axial_DIN0207_L6.3mm_D2.5mm_P10.16mm_Horizontal;https://www.yageo.com/upload/media/product/productsearch/datasheet/lr/Yageo_LR_MFR_1.pdf;Final common reset pull-up, parallel to the module 10K. Module 1 uF EN capacitor retained.
C12;ADDED_R2_RESET_DECAP;100nF / 50V X7R;GRM31CR71H104KA01L;1;Capacitor_SMD:C_1206_3216Metric_Pad1.33x1.80mm_HandSolder;;1206, at U4 pin 5, local ground via.
U5;ADDED_R2_USB_BLOCK;LTC4412IS6;LTC4412IS6#TRPBF;1;Package_TO_SOT_SMD:SOT-23-6;https://www.analog.com/media/en/technical-documentation/data-sheets/ltc4412.pdf;TSOT23-6, direct hand soldering. CTL=0 always enabled. Reverse-current blocker, not a current limiter.
Q1;ADDED_R2_USB_PMOS;AO3401A;AO3401A;1;Package_TO_SOT_SMD:SOT-23;https://www.aosmd.com/pdfs/datasheet/AO3401A.pdf;"G=1, S=2 (M1), D=3 (SYS); body diode D to S. Do not reverse source/drain. Direct SOT23 hand soldering."
C13;ADDED_R2_PWR_DECAP;1uF / 25V X7R;GRM31CR71E105KA12L;1;Capacitor_SMD:C_1206_3216Metric_Pad1.33x1.80mm_HandSolder;;1206 local bypass. Module bulk capacitance remains.
C14;ADDED_R2_PWR_DECAP;10uF / 16V X7R;GRM31CR71C106KA12L;1;Capacitor_SMD:C_1206_3216Metric_Pad1.33x1.80mm_HandSolder;;1206 local bypass. Module bulk capacitance remains.
R36;ADDED_R2_SOURCE_TERMINATION;33R / 1%;MF0207FTE-33R;1;Resistor_THT:R_Axial_DIN0207_L6.3mm_D2.5mm_P10.16mm_Horizontal;https://www.yageo.com/upload/media/product/productsearch/datasheet/lr/Yageo_LR_MFR_1.pdf;"Source termination at buffer output. Initial 33R; tune 22..47R or 0R only after end-of-link waveform measurement."
R37;ADDED_R2_SOURCE_TERMINATION;33R / 1%;MF0207FTE-33R;1;Resistor_THT:R_Axial_DIN0207_L6.3mm_D2.5mm_P10.16mm_Horizontal;https://www.yageo.com/upload/media/product/productsearch/datasheet/lr/Yageo_LR_MFR_1.pdf;"Source termination at buffer output. Initial 33R; tune 22..47R or 0R only after end-of-link waveform measurement."
R38;ADDED_R2_SOURCE_TERMINATION;33R / 1%;MF0207FTE-33R;1;Resistor_THT:R_Axial_DIN0207_L6.3mm_D2.5mm_P10.16mm_Horizontal;https://www.yageo.com/upload/media/product/productsearch/datasheet/lr/Yageo_LR_MFR_1.pdf;"Source termination at buffer output. Initial 33R; tune 22..47R or 0R only after end-of-link waveform measurement."
R39;ADDED_R2_SOURCE_TERMINATION;33R / 1%;MF0207FTE-33R;1;Resistor_THT:R_Axial_DIN0207_L6.3mm_D2.5mm_P10.16mm_Horizontal;https://www.yageo.com/upload/media/product/productsearch/datasheet/lr/Yageo_LR_MFR_1.pdf;"Source termination at buffer output. Initial 33R; tune 22..47R or 0R only after end-of-link waveform measurement."
R40;ADDED_R2_SOURCE_TERMINATION;33R / 1%;MF0207FTE-33R;1;Resistor_THT:R_Axial_DIN0207_L6.3mm_D2.5mm_P10.16mm_Horizontal;https://www.yageo.com/upload/media/product/productsearch/datasheet/lr/Yageo_LR_MFR_1.pdf;"Source termination at buffer output. Initial 33R; tune 22..47R or 0R only after end-of-link waveform measurement."
TP7;ADDED_R2_TESTPAD;5V_M1;PCB test pad;1;P03:TestPad_1;;Probe access.
TP8;ADDED_R2_TESTPAD;SUP_RAW_N;PCB test pad;1;P03:TestPad_1;;Probe access.
