interface;connector;pin;net;key;length_mm;soldered_end
DAQ;J1;1;ADC_SCLK;;0;oba zlacza do PCB
DAQ;J1;2;NC;YES;0;oba zlacza do PCB
DAQ;J1;3;ADC_SDI;;0;oba zlacza do PCB
DAQ;J1;4;GND;;0;oba zlacza do PCB
DAQ;J1;5;ADC_DOUTA;;0;oba zlacza do PCB
DAQ;J1;6;GND;;0;oba zlacza do PCB
DAQ;J1;7;ADC_CS;;0;oba zlacza do PCB
DAQ;J1;8;GND;;0;oba zlacza do PCB
DAQ;J1;9;ADC_CONVST;;0;oba zlacza do PCB
DAQ;J1;10;GND;;0;oba zlacza do PCB
DAQ;J1;11;ADC_BUSY;;0;oba zlacza do PCB
DAQ;J1;12;GND;;0;oba zlacza do PCB
DAQ;J1;13;ADC_RESET;;0;oba zlacza do PCB
DAQ;J1;14;GND;;0;oba zlacza do PCB
DAQ;J1;15;MEAS_EN;;0;oba zlacza do PCB
DAQ;J1;16;GND;;0;oba zlacza do PCB
LV05;J2;1;5V_SYS;;200;P05/J2
LV05;J2;2;GND;;200;P05/J2
LV05;J2;3;3V3_IO;;200;P05/J2
LV05;J2;4;GND;;200;P05/J2
DAQOK;J3;1;DAQ_OK;;150;P05/J3
DAQOK;J3;2;GND;;150;P05/J3
DAQOK;J3;3;NC;;150;P05/J3
DAQOK;J3;4;NC;YES;150;P05/J3
DAQOK;J3;5;NC;;150;P05/J3
DAQOK;J3;6;NC;;150;P05/J3
TAPS;J4;1;TAP_P1;;50;P05/J4
TAPS;J4;2;GND;;50;P05/J4
TAPS;J4;3;TAP_P3;;50;P05/J4
TAPS;J4;4;GND;;50;P05/J4
TAPS;J4;5;TAP_P4;;50;P05/J4
TAPS;J4;6;GND;;50;P05/J4
TAPS;J4;7;TAP_P5;;50;P05/J4
TAPS;J4;8;GND;;50;P05/J4
TAPS;J4;9;TAP_P6;;50;P05/J4
TAPS;J4;10;GND;;50;P05/J4
TAPS;J4;11;NC;;50;P05/J4
TAPS;J4;12;NC;;50;P05/J4
VSENSE;J5;1;VPROT_SENSE;;150;P05/J5
VSENSE;J5;2;GND;;150;P05/J5
VSENSE;J5;3;NC;;150;P05/J5
VSENSE;J5;4;NC;;150;P05/J5
VSENSE;J5;5;NC;;150;P05/J5
VSENSE;J5;6;NC;;150;P05/J5
VSENSE;J5;7;NC;;150;P05/J5
VSENSE;J5;8;NC;;150;P05/J5
VSENSE;J5;9;NC;;150;P05/J5
VSENSE;J5;10;NC;;150;P05/J5
VSENSE;J5;11;NC;;150;P05/J5
VSENSE;J5;12;NC;;150;P05/J5
VSENSE;J5;13;NC;;150;P05/J5
VSENSE;J5;14;NC;;150;P05/J5
AUX;J6;1;AUX_IN;;50;P05/J6
AUX;J6;2;GND;;50;P05/J6
