ref;pin;net
C1;1;3V3_CORE
C1;2;GND
C10;1;3V3_CORE
C10;2;GND
C11;1;3V3_CORE
C11;2;GND
C12;1;3V3_CORE
C12;2;GND
C13;1;5V_SYS
C13;2;GND
C14;1;5V_M1
C14;2;GND
C15;1;3V3_CORE
C15;2;GND
C2;1;3V3_CORE
C2;2;GND
C3;1;3V3_CORE
C3;2;GND
C4;1;MARK
C4;2;GND
C5;1;3V3_CORE
C5;2;GND
C6;1;3V3_CORE
C6;2;GND
C7;1;3V3_CORE
C7;2;GND
C8;1;3V3_CORE
C8;2;GND
C9;1;3V3_CORE
C9;2;GND
J_BP1;1;GND
J_BP1;10;N_J_SCOPE_HOT
J_BP1;11;LOGGER_CURRENT_OK
J_BP1;12;SENSOR_HEALTHY
J_BP1;13;MARK
J_BP1;14;TEST_KEY
J_BP1;15;LOGGER_CLEAR
J_BP1;16;TEST_PRESENT
J_BP1;17;ENA_DIAG
J_BP1;18;ENB_DIAG
J_BP1;19;MOTOR_INA
J_BP1;2;CS_ILOG_N
J_BP1;20;MOTOR_INB
J_BP1;3;GND
J_BP1;4;CS_ITEST_N
J_BP1;5;GND
J_BP1;6;CAN_TX
J_BP1;7;GND
J_BP1;8;CAN_RX
J_BP1;9;GND
J_BP2;1;GND
J_BP2;10;ADC_CONVST
J_BP2;11;GND
J_BP2;12;ADC_BUSY
J_BP2;13;GND
J_BP2;14;MEAS_EN
J_BP2;15;GND
J_BP2;16;PFAIL_N
J_BP2;17;5V_SYS
J_BP2;18;ADC_RESET
J_BP2;19;5V_SYS
J_BP2;2;ADC_SCLK
J_BP2;20;5V_SYS
J_BP2;3;GND
J_BP2;4;ADC_DOUTA
J_BP2;5;GND
J_BP2;6;ADC_SDI
J_BP2;7;GND
J_BP2;8;ADC_CS
J_BP2;9;GND
J_BP3;1;GND
J_BP3;10;TC2_CS
J_BP3;11;GND
J_BP3;12;SUP_N_OUT
J_BP3;13;CORE_LINK
J_BP3;14;PWM
J_BP3;15;GND
J_BP3;16;HEARTBEAT
J_BP3;17;HW_ARMED
J_BP3;18;MCU_ARM
J_BP3;19;GND
J_BP3;2;SPI3_SCLK
J_BP3;20;INTERLOCK
J_BP3;3;GND
J_BP3;4;SPI3_MOSI
J_BP3;5;3V3_IO
J_BP3;6;SPI3_MISO
J_BP3;7;GND
J_BP3;8;TC1_CS
J_BP3;9;SENSOR_ENABLE
J_SV1;1;GND
J_SV1;10;SV_3V3_CORE
J_SV1;11;SV_I2C_SDA
J_SV1;12;SV_LOGGER_CURRENT_OK
J_SV1;13;GND
J_SV1;2;SV_MOTOR_INB
J_SV1;3;SV_MOTOR_INA
J_SV1;4;SV_MEAS_BANK
J_SV1;5;SV_CS_ILOG_N
J_SV1;6;SV_SCOPE_TRIG
J_SV1;7;SV_CS_ITEST_N
J_SV1;8;SV_I2C_SCL
J_SV1;9;SV_3V3_IO
J_SV2;1;GND
J_SV2;10;SV_SD_CS
J_SV2;11;SV_SUP_RAW_N
J_SV2;12;SV_5V_M1
J_SV2;13;GND
J_SV2;2;SV_5V_SYS
J_SV2;3;SV_PFAIL_N
J_SV2;4;SV_ADC_RESET
J_SV2;5;SV_MEAS_EN
J_SV2;6;SV_ADC_BUSY
J_SV2;7;SV_ADC_CONVST
J_SV2;8;SV_ADC_CS
J_SV2;9;SV_CURRENT_CS_N
J_SV3;1;GND
J_SV3;10;SV_INTERLOCK
J_SV3;11;SV_HW_ARMED
J_SV3;12;SV_SUP_N
J_SV3;13;GND
J_SV3;2;SV_MCU_ARM
J_SV3;3;SV_HEARTBEAT
J_SV3;4;SV_PWM
J_SV3;5;SV_CORE_LINK
J_SV3;6;SV_SUP_N_OUT
J_SV3;7;SV_SENSOR_ENABLE
J_SV3;8;SV_TC2_CS
J_SV3;9;SV_TC1_CS
LED1;1;GND
LED1;2;LED_A
M1;J1-1;3V3_CORE
M1;J1-10;CAN_TX
M1;J1-11;CAN_RX_CORE
M1;J1-12;TC1_CS_SRC
M1;J1-13;PFAIL_N_CORE
M1;J1-14;NC
M1;J1-15;ADC_SCLK_SRC
M1;J1-16;I2C_SDA
M1;J1-17;ADC_DOUTA_CORE
M1;J1-18;ADC_CS_SRC
M1;J1-19;ADC_CONVST_SRC
M1;J1-2;3V3_CORE
M1;J1-20;ADC_BUSY_CORE
M1;J1-21;5V_M1
M1;J1-22;GND
M1;J1-3;SUP_N
M1;J1-4;SPI3_SCLK_SRC
M1;J1-5;SPI3_MOSI_SRC
M1;J1-6;SPI3_MISO_CORE
M1;J1-7;SD_CS
M1;J1-8;I2C_SCL
M1;J1-9;TC2_CS_SRC
M1;J3-1;GND
M1;J3-10;CURRENT_CS_N
M1;J3-11;NC
M1;J3-12;NC
M1;J3-13;NC
M1;J3-14;NC
M1;J3-15;NC
M1;J3-16;NC
M1;J3-17;NC
M1;J3-18;HEARTBEAT
M1;J3-19;NC
M1;J3-2;NC
M1;J3-20;NC
M1;J3-21;GND
M1;J3-22;GND
M1;J3-3;NC
M1;J3-4;PWM
M1;J3-5;ADC_SDI_SRC
M1;J3-6;INTERLOCK_CORE
M1;J3-7;SCOPE_TRIG
M1;J3-8;HW_ARMED_CORE
M1;J3-9;MCU_ARM
Q1;1;PWR_GATE
Q1;2;5V_M1
Q1;3;5V_SYS
R1;1;CURRENT_CS_N
R1;2;3V3_CORE
R10;1;3V3_CORE
R10;2;I2C_SDA
R11;1;3V3_CORE
R11;2;SD_CS
R12;1;SCOPE_TRIG
R12;2;N_J_SCOPE_HOT
R13;1;SUP_RAW_N
R13;2;3V3_CORE
R14;1;3V3_CORE
R14;2;CORE_LINK
R15;1;ADC_CS_SRC
R15;2;3V3_CORE
R16;1;ADC_SCLK_SRC
R16;2;GND
R17;1;ADC_SDI_SRC
R17;2;GND
R18;1;ADC_CONVST_SRC
R18;2;GND
R19;1;ADC_RESET_SRC
R19;2;GND
R2;1;LOGGER_CURRENT_OK
R2;2;GND
R20;1;MEAS_EN_SRC
R20;2;GND
R21;1;SPI3_SCLK_SRC
R21;2;GND
R22;1;SPI3_MOSI_SRC
R22;2;GND
R23;1;TC1_CS_SRC
R23;2;3V3_CORE
R24;1;TC2_CS_SRC
R24;2;3V3_CORE
R25;1;MEAS_BANK
R25;2;GND
R26;1;INTERLOCK
R26;2;GND
R27;1;TEST_KEY
R27;2;GND
R28;1;ENA_DIAG
R28;2;GND
R29;1;ENB_DIAG
R29;2;GND
R3;1;HW_ARMED
R3;2;GND
R30;1;CAN_RX
R30;2;3V3_CORE
R31;1;ADC_BUSY
R31;2;GND
R32;1;ADC_DOUTA
R32;2;GND
R33;1;SPI3_MISO
R33;2;GND
R34;1;RESET_DRV_N
R34;2;SUP_N
R35;1;SUP_N
R35;2;3V3_CORE
R36;1;ADC_SCLK_DRV
R36;2;ADC_SCLK
R37;1;ADC_CONVST_DRV
R37;2;ADC_CONVST
R38;1;SPI3_SCLK_DRV
R38;2;SPI3_SCLK
R39;1;ADC_SDI_DRV
R39;2;ADC_SDI
R4;1;STATUS_LED
R4;2;LED_A
R40;1;SPI3_MOSI_DRV
R40;2;SPI3_MOSI
R41;1;SUP_N_DRV
R41;2;SUP_N_OUT
R42;1;PFAIL_N
R42;2;PFAIL_N_CORE
R43;1;PFAIL_N
R43;2;3V3_CORE
R44;1;MOTOR_INB
R44;2;SV_MOTOR_INB
R45;1;MOTOR_INA
R45;2;SV_MOTOR_INA
R46;1;MEAS_BANK
R46;2;SV_MEAS_BANK
R47;1;CS_ILOG_N
R47;2;SV_CS_ILOG_N
R48;1;SCOPE_TRIG
R48;2;SV_SCOPE_TRIG
R49;1;CS_ITEST_N
R49;2;SV_CS_ITEST_N
R5;1;3V3_CORE
R5;2;MARK
R50;1;I2C_SCL
R50;2;SV_I2C_SCL
R51;1;3V3_IO
R51;2;SV_3V3_IO
R52;1;3V3_CORE
R52;2;SV_3V3_CORE
R53;1;I2C_SDA
R53;2;SV_I2C_SDA
R54;1;LOGGER_CURRENT_OK
R54;2;SV_LOGGER_CURRENT_OK
R55;1;5V_SYS
R55;2;SV_5V_SYS
R56;1;PFAIL_N
R56;2;SV_PFAIL_N
R57;1;ADC_RESET
R57;2;SV_ADC_RESET
R58;1;MEAS_EN
R58;2;SV_MEAS_EN
R59;1;ADC_BUSY
R59;2;SV_ADC_BUSY
R6;1;LOGGER_CLEAR
R6;2;GND
R60;1;ADC_CONVST
R60;2;SV_ADC_CONVST
R61;1;ADC_CS
R61;2;SV_ADC_CS
R62;1;CURRENT_CS_N
R62;2;SV_CURRENT_CS_N
R63;1;SD_CS
R63;2;SV_SD_CS
R64;1;SUP_RAW_N
R64;2;SV_SUP_RAW_N
R65;1;5V_M1
R65;2;SV_5V_M1
R66;1;MCU_ARM
R66;2;SV_MCU_ARM
R67;1;HEARTBEAT
R67;2;SV_HEARTBEAT
R68;1;PWM
R68;2;SV_PWM
R69;1;CORE_LINK
R69;2;SV_CORE_LINK
R7;1;SENSOR_HEALTHY
R7;2;GND
R70;1;SUP_N_OUT
R70;2;SV_SUP_N_OUT
R71;1;SENSOR_ENABLE
R71;2;SV_SENSOR_ENABLE
R72;1;TC2_CS
R72;2;SV_TC2_CS
R73;1;TC1_CS
R73;2;SV_TC1_CS
R74;1;INTERLOCK
R74;2;SV_INTERLOCK
R75;1;HW_ARMED
R75;2;SV_HW_ARMED
R76;1;SUP_N
R76;2;SV_SUP_N
R8;1;TEST_PRESENT
R8;2;GND
R9;1;3V3_CORE
R9;2;I2C_SCL
SD1;1;3V3_CORE
SD1;2;GND
SD1;3;SPI3_SCLK
SD1;4;SPI3_MISO
SD1;5;SPI3_MOSI
SD1;6;SD_CS
SD1;7;NC
SD1;8;NC
SD1;9;NC
TP1;1;5V_SYS
TP2;1;3V3_CORE
TP3;1;3V3_IO
TP4;1;GND
TP5;1;SUP_N
TP6;1;GND
TP7;1;5V_M1
TP8;1;SUP_RAW_N
U1;1;TEST_KEY_CORE
U1;10;GND
U1;11;NC
U1;12;I2C_SCL
U1;13;I2C_SDA
U1;14;NC
U1;15;GND
U1;16;GND
U1;17;GND
U1;18;SUP_N
U1;19;NC
U1;2;SENSOR_HEALTHY_CORE
U1;20;NC
U1;21;ADC_RESET_SRC
U1;22;MEAS_EN_SRC
U1;23;MEAS_BANK
U1;24;SENSOR_ENABLE
U1;25;LOGGER_CURRENT_OK_CORE
U1;26;MOTOR_INA
U1;27;MOTOR_INB
U1;28;STATUS_LED
U1;3;ENA_DIAG_CORE
U1;4;ENB_DIAG_CORE
U1;5;LOGGER_CLEAR_CORE
U1;6;TEST_PRESENT_CORE
U1;7;MARK
U1;8;NC
U1;9;3V3_CORE
U11;1;GND
U11;10;GND
U11;11;CAN_RX_CORE
U11;12;CAN_RX
U11;13;GND
U11;14;3V3_CORE
U11;2;ADC_DOUTA
U11;3;ADC_DOUTA_CORE
U11;4;GND
U11;5;ADC_BUSY
U11;6;ADC_BUSY_CORE
U11;7;GND
U11;8;SPI3_MISO_CORE
U11;9;SPI3_MISO
U12;1;GND
U12;10;GND
U12;11;NC
U12;12;GND
U12;13;GND
U12;14;3V3_CORE
U12;2;HW_ARMED
U12;3;HW_ARMED_CORE
U12;4;GND
U12;5;INTERLOCK
U12;6;INTERLOCK_CORE
U12;7;GND
U12;8;NC
U12;9;GND
U13;1;GND
U13;10;GND
U13;11;TEST_PRESENT_CORE
U13;12;TEST_PRESENT
U13;13;GND
U13;14;3V3_CORE
U13;2;ENA_DIAG
U13;3;ENA_DIAG_CORE
U13;4;GND
U13;5;ENB_DIAG
U13;6;ENB_DIAG_CORE
U13;7;GND
U13;8;LOGGER_CLEAR_CORE
U13;9;LOGGER_CLEAR
U14;1;GND
U14;10;GND
U14;11;NC
U14;12;GND
U14;13;3V3_IO
U14;14;3V3_CORE
U14;2;TEST_KEY
U14;3;TEST_KEY_CORE
U14;4;GND
U14;5;LOGGER_CURRENT_OK
U14;6;LOGGER_CURRENT_OK_CORE
U14;7;GND
U14;8;SENSOR_HEALTHY_CORE
U14;9;SENSOR_HEALTHY
U2;1;CURRENT_CS_N
U2;10;NC
U2;11;NC
U2;12;NC
U2;13;GND
U2;14;GND
U2;15;3V3_CORE
U2;16;3V3_CORE
U2;2;MEAS_BANK
U2;3;GND
U2;4;CS_ILOG_N_SRC
U2;5;CS_ITEST_N_SRC
U2;6;NC
U2;7;NC
U2;8;GND
U2;9;NC
U21;1;GND
U21;10;GND
U21;11;ADC_CONVST_DRV
U21;12;ADC_CONVST_SRC
U21;13;GND
U21;14;3V3_CORE
U21;2;ADC_CS_SRC
U21;3;ADC_CS
U21;4;GND
U21;5;ADC_SCLK_SRC
U21;6;ADC_SCLK_DRV
U21;7;GND
U21;8;ADC_SDI_DRV
U21;9;ADC_SDI_SRC
U22;1;GND
U22;10;GND
U22;11;CS_ITEST_N
U22;12;CS_ITEST_N_SRC
U22;13;GND
U22;14;3V3_CORE
U22;2;ADC_RESET_SRC
U22;3;ADC_RESET
U22;4;GND
U22;5;MEAS_EN_SRC
U22;6;MEAS_EN
U22;7;GND
U22;8;CS_ILOG_N
U22;9;CS_ILOG_N_SRC
U23;1;GND
U23;10;GND
U23;11;TC2_CS
U23;12;TC2_CS_SRC
U23;13;GND
U23;14;3V3_CORE
U23;2;SPI3_SCLK_SRC
U23;3;SPI3_SCLK_DRV
U23;4;GND
U23;5;SPI3_MOSI_SRC
U23;6;SPI3_MOSI_DRV
U23;7;GND
U23;8;TC1_CS
U23;9;TC1_CS_SRC
U3;1;SUP_RAW_N
U3;2;GND
U3;3;3V3_CORE
U3;4;NC
U3;5;3V3_CORE
U3;6;3V3_CORE
U4;1;NC
U4;2;SUP_RAW_N
U4;3;GND
U4;4;RESET_DRV_N
U4;5;3V3_CORE
U5;1;5V_SYS
U5;2;GND
U5;3;GND
U5;4;NC
U5;5;PWR_GATE
U5;6;5V_M1
U6;1;NC
U6;2;SUP_N
U6;3;GND
U6;4;SUP_N_DRV
U6;5;3V3_CORE
