module;ref;name;quantity;unit;mpn;package;assembly;adapter;length_mm;plug_type;category;note
P02;F2;1 A;1;szt.;;"wg elementu; zweryfikować rysunek zakupionego typu";montaż lutowany / mechaniczny;;;;element;
P02;F3;1 A;1;szt.;;"wg elementu; zweryfikować rysunek zakupionego typu";montaż lutowany / mechaniczny;;;;element;
P02;M3;TSR 2-2450;1;szt.;;"wg elementu; zweryfikować rysunek zakupionego typu";montaż lutowany / mechaniczny;;;;element;"Piny wg nazw modułu; zweryfikuj obudowę."
P02;M4;TSR 2-2433;1;szt.;;"wg elementu; zweryfikować rysunek zakupionego typu";montaż lutowany / mechaniczny;;;;element;"Piny wg nazw modułu; zweryfikuj obudowę."
P02;C_DCDC_5V_SYS_IN;10 µF / 50 V;1;szt.;;"wg elementu; zweryfikować rysunek zakupionego typu";montaż lutowany / mechaniczny;;;;element;
P02;C_DCDC_5V_SYS_OUT;22 µF / 10 V;1;szt.;;"wg elementu; zweryfikować rysunek zakupionego typu";montaż lutowany / mechaniczny;;;;element;
P02;C_DCDC_3V3_IO_IN;10 µF / 50 V;1;szt.;;"wg elementu; zweryfikować rysunek zakupionego typu";montaż lutowany / mechaniczny;;;;element;
P02;C_DCDC_3V3_IO_OUT;22 µF / 10 V;1;szt.;;"wg elementu; zweryfikować rysunek zakupionego typu";montaż lutowany / mechaniczny;;;;element;
P02;U_SUP3;MCP120-300DI/TO TO92;1;szt.;MCP120-300DI/TO;TO92;montaż lutowany / mechaniczny;;;;element;
P02;R_U_SUP3;10k;1;szt.;;THT / zgodnie z mocą i tolerancją w nazwie;montaż lutowany / mechaniczny;;;;element;
P02;C_U_SUP3;100nF;1;szt.;;"wg elementu; zweryfikować rysunek zakupionego typu";montaż lutowany / mechaniczny;;;;element;
P02;U_SUP5;MCP120-450DI/TO TO92;1;szt.;MCP120-450DI/TO;TO92;montaż lutowany / mechaniczny;;;;element;
P02;R_SUP5;10k;1;szt.;;THT / zgodnie z mocą i tolerancją w nazwie;montaż lutowany / mechaniczny;;;;element;
P02;C_SUP5;100nF;1;szt.;;"wg elementu; zweryfikować rysunek zakupionego typu";montaż lutowany / mechaniczny;;;;element;
P02;U_READY;SN74HC08N DIP14;1;szt.;SN74HC08N;DIP;montaż lutowany / mechaniczny;;;;element;
P02;C_U_READY;100nF;1;szt.;;"wg elementu; zweryfikować rysunek zakupionego typu";montaż lutowany / mechaniczny;;;;element;
P02;R_READY_PD;10k;1;szt.;;THT / zgodnie z mocą i tolerancją w nazwie;montaż lutowany / mechaniczny;;;;element;
P02;U_SUPBUF;74LVC125AD Nexperia SO14 (Ioff);1;szt.;74LVC125AD;SO14 1.27mm;adapter + uniwersalna;SO14 → DIP 2.54mm;;;element;
P02;C_U_SUPBUF;100nF;1;szt.;;"wg elementu; zweryfikować rysunek zakupionego typu";montaż lutowany / mechaniczny;;;;element;
P02;J_VMOTORA;Phoenix Contact PC 4/3-G-7,62 1804807 PTH 20A;1;szt.;;"wg elementu; zweryfikować rysunek zakupionego typu";montaż lutowany / mechaniczny;;;;element;VMOTOR
P02;J_LV03A;"Mini-Fit Jr stałe gniazdo męskie 4p Au, KEY LV03; korpus + styki + ogonki PTH";1;szt.;;"wg elementu; zweryfikować rysunek zakupionego typu";montaż lutowany / mechaniczny;;;;element;LV03
P02;J_LV04A;"Mini-Fit Jr stałe gniazdo męskie 4p Au, KEY LV04; korpus + styki + ogonki PTH";1;szt.;;"wg elementu; zweryfikować rysunek zakupionego typu";montaż lutowany / mechaniczny;;;;element;LV04
P02;J_LV05A;"Mini-Fit Jr stałe gniazdo męskie 4p Au, KEY LV05; korpus + styki + ogonki PTH";1;szt.;;"wg elementu; zweryfikować rysunek zakupionego typu";montaż lutowany / mechaniczny;;;;element;LV05
P02;J_LV06A;"Mini-Fit Jr stałe gniazdo męskie 4p Au, KEY LV06; korpus + styki + ogonki PTH";1;szt.;;"wg elementu; zweryfikować rysunek zakupionego typu";montaż lutowany / mechaniczny;;;;element;LV06
P02;J_LV07A;"Mini-Fit Jr stałe gniazdo męskie 4p Au, KEY LV07; korpus + styki + ogonki PTH";1;szt.;;"wg elementu; zweryfikować rysunek zakupionego typu";montaż lutowany / mechaniczny;;;;element;LV07
P02;J_LV08A;"Mini-Fit Jr stałe gniazdo męskie 4p Au, KEY LV08; korpus + styki + ogonki PTH";1;szt.;;"wg elementu; zweryfikować rysunek zakupionego typu";montaż lutowany / mechaniczny;;;;element;LV08
P02;J_LV09A;"Mini-Fit Jr stałe gniazdo męskie 4p Au, KEY LV09; korpus + styki + ogonki PTH";1;szt.;;"wg elementu; zweryfikować rysunek zakupionego typu";montaż lutowany / mechaniczny;;;;element;LV09
P02;J_LV10A;"Mini-Fit Jr stałe gniazdo męskie 4p Au, KEY LV10; korpus + styki + ogonki PTH";1;szt.;;"wg elementu; zweryfikować rysunek zakupionego typu";montaż lutowany / mechaniczny;;;;element;LV10
P02;F_VSENSE;Bezpiecznik F 100mA 5x20mm >=32V DC + oprawka PTH;1;szt.;;"wg elementu; zweryfikować rysunek zakupionego typu";montaż lutowany / mechaniczny;;;;element;Przy odgałęzieniu VPROT, przed wiązką. Spadek na bezpieczniku objęty kalibracją całego toru VBAT.
P02;J_VSENSEA;Mini-Fit Jr stałe gniazdo męskie 14p Au, VSENSE;1;szt.;;"wg elementu; zweryfikować rysunek zakupionego typu";montaż lutowany / mechaniczny;;;;element;"VSENSE; dedykowany korpus 14p, niezgodny z LV 4p; tylko piny 1/2 obsadzone"
P02;ADP_U_SUPBUF;Adapter SO14 → DIP 2.54mm;1;szt.;;adapter;uniwersalna;;;;adapter;Dla U_SUPBUF
P02;H_PSUOK;Wiązka PSUOK;1;kpl.;;wiązka;P02/J_PSUOKB;;150;IDC żeński 6p Au z odciążką, KEY 5;wiązka;"taśma 6 żył AWG28, raster 1.27mm; kotwa 10–15 mm. Rozbicie: wiazki-czesci.csv"
P02;H_SUPPLY;Wiązka SUPPLY;1;kpl.;;wiązka;P02/J_SUPPLYB;;200;MSTB 5.08 3p >=12A z tulejkami, KEY SUPPLY;wiązka;"miedź linka 2.5mm2; osobne żyły, nie taśma IDC; kotwa 10–15 mm. Rozbicie: wiazki-czesci.csv"
