x1;siec;pole_pcb;przewod;uwagi
1;BAT_P;J1.1;2.0 mm2;pakiet + (za BMS, przez wylacznik na obudowie)
2;GND;J1.2;2.0 mm2;"pakiet -; tu tez IBT-2 B-"
3;VBUS;J2.1;2.0 mm2;VMOTOR za F1 -> IBT-2 B+
4;-;-;2.0 mm2;"IBT-2 B-; mostek do X1.2 na listwie (bez PCB)"
5;P1_ECU;J5.1;2.0 mm2;silnik od ECU (LOGGER) / IBT-2 M+ (TESTER)
6;P1_EGR;J5.2;2.0 mm2;silnik do zaworu
7;P3;J6.1;0.25 mm2;"silnik pin 3: ECU i zawor na jednej srubie; TESTER: IBT-2 M-"
8;P4;J6.2;0.25 mm2;czujnik
9;P5;J6.3;0.25 mm2;czujnik
10;P6;J6.4;0.25 mm2;czujnik
11;SENS_5V;J6.5;0.5 mm2;TESTER: do pinu zasilania czujnika
12;GND;J6.6;0.5 mm2;LOGGER: masa auta (odniesienie pomiarow)
13;VBAT_CAR;J6.7;0.25 mm2;akumulator auta (pomiar)
14;CAN_H;J6.8;skretka;
15;CAN_L;J6.9;skretka;
16;GND;J6.10;0.25 mm2;CAN GND
