zlacze;pin;siec;rezystor;cel_pomiaru
J_SV1;1;GND;-;masa sondy
J_SV1;2;SAFE_N;R43 10K / 1% 1206;wspolny SAFE_N: H >= 2,7 V (nominalnie 2,94 V za R40), L <= 0,25 V (E05, E10, E21, I01)
J_SV1;3;GND;-;masa sondy
J_SV1;4;ARM_BUTTON_N;R44 10K / 1% 1206;styk ARM za R3: H 3,3 V, nacisniety ok. 0,30 V (E15)
J_SV1;5;GND;-;masa sondy
J_SV1;6;ARM_CLK;R45 1K / 1% 1206;zbocze zegara zatrzasku U2B (E15)
J_SV1;7;HW_ARMED;R46 1K / 1% 1206;zatrzask U3A (E06, E07, E14)
J_SV1;8;SAFE_OK;R47 1K / 1% 1206;SAFE_N po U2E/U2F (E05)
J_SV1;9;SAFE_WD;R48 1K / 1% 1206;SAFE_OK & WD_Q, U7D (E05, E11, E21)
J_SV1;10;WD_Q;R49 1K / 1% 1206;watchdog U1A (E05, E11-E13)
J_SV1;11;Q1_B;R50 1K / 1% 1206;"baza Q1; E21: zwarcie kolka z GND (1k: baza ok. 0,30 V)"
J_SV1;12;LOCAL_SUP_N;R51 1K / 1% 1206;MCP100 U11, push-pull (E02, E16)
J_SV1;13;GND;-;masa sondy
J_SV2;1;GND;-;masa sondy
J_SV2;2;SUP_OK;R52 1K / 1% 1206;SUP_N_OUT & LOCAL_SUP_N, U5C (E12, E16)
J_SV2;3;INTERLOCK;R53 1K / 1% 1206;U7B (E05, E09)
J_SV2;4;MOTOR_PERMIT;R54 1K / 1% 1206;U5D (E06-E09)
J_SV2;5;PWM_OUT;R55 1K / 1% 1206;U4C (E06, E19)
J_SV2;6;SENSOR_PERMIT;R56 1K / 1% 1206;U5B (E08)
J_SV2;7;GND;-;masa sondy
J_SV3;1;GND;-;masa sondy
J_SV3;2;5V_SYS;R57 1K / 1% 1206;5V_SYS z J_BP3.8 (bez odbiorcy na P04, jak J1.1 -> TP13 w R2.2)
J_SV3;3;3V3_IO;R58 1K / 1% 1206;zasilanie P04 (E01, E03, E22)
J_SV3;4;PANEL_3V3;R59 1K / 1% 1206;za R40 100R do stykow panelu (E05, E22)
J_SV3;5;P04_3V3;R60 1K / 1% 1206;za R39 1k do Q7 P02 (E22)
J_SV3;6;PG_SEND;R61 1K / 1% 1206;za R38 1k, petla PG (E22)
J_SV3;7;GND;-;masa sondy
