pole;pad;siec;drugi_koniec;przewod
J11;1;PANEL_3V3;X12.3 / X15.1 / X16.1 / X17.1;AWG24 0,25 mm2
J11;2;TEST_KEY;X12.1 / X15.2;AWG24 0,25 mm2
J11;3;TEST_KEY;X12.1 / X15.2;AWG24 0,25 mm2
J11;4;ILK_L1_L2;X12.2 / X13.1;AWG24 0,25 mm2
J11;5;PANEL_3V3;X12.3 / X15.1 / X16.1 / X17.1;AWG24 0,25 mm2
J11;6;DIAG_L1_L2;X12.4 / X13.3;AWG24 0,25 mm2
J11;7;ILK_L1_L2;X12.2 / X13.1;AWG24 0,25 mm2
J11;8;LOOP_OUT;X13.2;AWG24 0,25 mm2
J11;9;DIAG_L1_L2;X12.4 / X13.3;AWG24 0,25 mm2
J11;10;LOGGER_CLEAR;X13.4;AWG24 0,25 mm2
J11;11;PANEL_3V3;X12.3 / X15.1 / X16.1 / X17.1;AWG24 0,25 mm2
J11;12;STOP_NC_OUT;X16.2;AWG24 0,25 mm2
J11;13;GND;X11.1 / X14.1;AWG24 0,25 mm2
J11;14;ARM_CONTACT;X11.2;AWG24 0,25 mm2
J11;15;GND;X11.1 / X14.1;AWG24 0,25 mm2
J11;16;MARK;X14.2;AWG24 0,25 mm2
J11;17;PANEL_3V3;X12.3 / X15.1 / X16.1 / X17.1;AWG24 0,25 mm2
J11;18;TEST_PRESENT;X17.2;AWG24 0,25 mm2
J8;1;LOOP_OUT;port TEST (X8) komora 10;AWG24 0,25 mm2 (styk AT wielkosc 16 z redukcja albo wielkosc 20 - do zakupow)
J8;2;MECH_OK;port TEST (X8) komora 11;AWG24 0,25 mm2 (jw.)
J6;1;N_J_SCOPE_HOT;BNC X6 srodek;RG174 zyla
J6;2;GND;BNC X6 obudowa;RG174 ekran
