ref;qty;value_requirement
CF1;1;220pF C0G
CF2;1;220pF C0G
CF3;1;220pF C0G
CF4;1;220pF C0G
CF5;1;220pF C0G
CF6;1;220pF
CF7;1;220pF
CI_ADC;1;1nF
C_A;1;470uF 10V
C_ADC_REF;1;100nF
C_ARM;1;100nF
C_BULK;1;1000uF 50V
C_DEC_U10_14;1;100nF X7R
C_DEC_U12_14;1;100nF X7R
C_DEC_U13_2;1;100nF X7R
C_DEC_U16_3;1;100nF X7R
C_DEC_U17_9;1;100nF X7R
C_DEC_U1_1;1;100nF X7R
C_DEC_U1_23;1;100nF X7R
C_DEC_U1_37;1;100nF X7R
C_DEC_U1_38;1;100nF X7R
C_DEC_U1_48;1;100nF X7R
C_DEC_U2_6;1;100nF X7R
C_DEC_U3_6;1;100nF X7R
C_DEC_U4_8;1;100nF X7R
C_DEC_U5_6;1;100nF X7R
C_DEC_U6_8;1;100nF X7R
C_DEC_U7_16;1;100nF X7R
C_DEC_U8_14;1;100nF X7R
C_DEC_U9_14;1;100nF X7R
C_IFILT;1;1nF
C_MARK;1;100nF
C_OC_HIGH;1;10nF
C_OC_LOW;1;10nF
C_RAIL_HIGH;1;10nF
C_RAIL_LOW;1;10nF
C_REFCAP;1;10uF ceramic
C_REF_IN;1;1uF
C_REF_OUT;1;1uF
C_REGCAP_A;1;1uF
C_REGCAP_D;1;1uF
C_SIN;1;1uF
C_SOUT;1;1uF
C_WD;1;1uF niepolarny
RA1;1;150k
RA2;1;150k
RA3;1;49.9k
RA4;1;49.9k
RB1;1;100k 0.1%
RB2;1;100k 0.1%
RB3;1;100k 0.1%
RB4;1;100k 0.1%
RC1;1;10R 0.1%
RC2;1;10R 0.1%
RC3;1;10R 0.1%
RC4;1;10R 0.1%
RM1;1;150k 0.1% 1206
RM10;1;150k 0.1% 1206
RM11;1;150k 0.1% 1206
RM12;1;150k 0.1% 1206
RM2;1;150k 0.1% 1206
RM3;1;150k 0.1% 1206
RM4;1;150k 0.1% 1206
RM5;1;150k 0.1% 1206
RM6;1;150k 0.1% 1206
RM7;1;150k 0.1% 1206
RM8;1;150k 0.1% 1206
RM9;1;150k 0.1% 1206
RO1;1;100R
RO2;1;100R
RS1;1;49.9k 0.1% 1206
RS10;1;49.9k 0.1% 1206
RS11;1;49.9k 0.1% 1206
RS12;1;49.9k 0.1% 1206
RS13;1;49.9k 0.1% 1206
RS14;1;49.9k 0.1% 1206
RS15;1;49.9k 0.1% 1206
RS16;1;49.9k 0.1% 1206
RS17;1;49.9k 0.1% 1206
RS18;1;49.9k 0.1% 1206
RS2;1;49.9k 0.1% 1206
RS3;1;49.9k 0.1% 1206
RS4;1;49.9k 0.1% 1206
RS5;1;49.9k 0.1% 1206
RS6;1;49.9k 0.1% 1206
RS7;1;49.9k 0.1% 1206
RS8;1;49.9k 0.1% 1206
RS9;1;49.9k 0.1% 1206
RV1;1;249k 0.1%
RV2;1;249k 0.1%
R_ARM_PU;1;10k
R_ARM_SER;1;100R
R_BLEED;1;2.2k 0.5W
R_DEFAULT_MEAS_BANK;1;100k
R_DEFAULT_MEAS_EN;1;100k
R_DEFAULT_MOTOR_INA;1;100k
R_DEFAULT_MOTOR_INB;1;100k
R_DEFAULT_MOTOR_PERMIT;1;100k
R_DEFAULT_SENSOR_ENABLE;1;100k
R_DEFAULT_SENSOR_PERMIT;1;100k
R_FILT;1;1R 0.5W
R_HEART_PD;1;47k
R_HW_PD;1;10k
R_IFILT;1;1k
R_ILIM;1;232k 1%
R_INA;1;330R
R_INA_PD;1;47k
R_INB;1;330R
R_INB_PD;1;47k
R_MARK;1;10k
R_MCU_PD;1;47k
R_OC_HB;1;7k 0.1%
R_OC_HT;1;3k 0.1%
R_OC_LB;1;3k 0.1%
R_OC_LT;1;7k 0.1%
R_PD_INTERLOCK;1;10k
R_PD_LOGGER_CLEAR;1;10k
R_PD_STOP_PRESSED;1;10k
R_PD_TEST_KEY;1;10k
R_PD_TEST_PRESENT;1;10k
R_PU_ADC_CS;1;10k
R_PU_I2C_SCL;1;4.7k
R_PU_I2C_SDA;1;4.7k
R_PU_SD_CS;1;10k
R_PU_SENSOR_FAULT_N;1;10k
R_PU_TC1_CS;1;10k
R_PU_TC2_CS;1;10k
R_PWM;1;330R
R_PWM_PD;1;47k
R_RAIL_B;1;10k 0.1%
R_RAIL_HB;1;21k 0.1%
R_RAIL_HT;1;4k 0.1%
R_RAIL_LB;1;19k 0.1%
R_RAIL_LT;1;6k 0.1%
R_RAIL_T;1;15k 0.1%
R_SAFE_PD;1;100k
R_SAFE_PU;1;10k
R_SCOPE;1;330R
R_SUP_PU;1;10k
R_WD;1;220k
