ref;source_ref;display;mpn;qty;footprint;zrodlo;url;note
C1;M1:NEW;4.7u;SMD 1206 X7R 50V 10% 4.7u;1;Capacitor_SMD:C_1206_3216Metric_Pad1.33x1.80mm_HandSolder;nowe;;TSR inputs (pack wires ~0.5 m).
C2;M1:NEW;10u;SMD 1206 X7R 16V 10% 10u;1;Capacitor_SMD:C_1206_3216Metric_Pad1.33x1.80mm_HandSolder;nowe;;
C3;M1:NEW;10u;SMD 1206 X7R 16V 10% 10u;1;Capacitor_SMD:C_1206_3216Metric_Pad1.33x1.80mm_HandSolder;nowe;;
C4;M1:NEW;100n;SMD 1206 X7R 50V 10% 100n;1;Capacitor_SMD:C_1206_3216Metric_Pad1.33x1.80mm_HandSolder;nowe;;RC 1 ms against bounce / pickup on the wire.
C5;P05:C35;10u;SMD 1206 X7R 16V 10% 10u;1;Capacitor_SMD:C_1206_3216Metric_Pad1.33x1.80mm_HandSolder;nowe;;
C6;P05:C4;100n;SMD 1206 X7R 50V 10% 100n;1;Capacitor_SMD:C_1206_3216Metric_Pad1.33x1.80mm_HandSolder;nowe;;At U3 pin 1.
C7;P05:C5;100n;SMD 1206 X7R 50V 10% 100n;1;Capacitor_SMD:C_1206_3216Metric_Pad1.33x1.80mm_HandSolder;nowe;;At U3 pin 37.
C8;P05:C6;100n;SMD 1206 X7R 50V 10% 100n;1;Capacitor_SMD:C_1206_3216Metric_Pad1.33x1.80mm_HandSolder;nowe;;At U3 pin 38.
C9;P05:C7;100n;SMD 1206 X7R 50V 10% 100n;1;Capacitor_SMD:C_1206_3216Metric_Pad1.33x1.80mm_HandSolder;nowe;;At U3 pin 48.
C10;P05:C8;100n;SMD 1206 X7R 50V 10% 100n;1;Capacitor_SMD:C_1206_3216Metric_Pad1.33x1.80mm_HandSolder;nowe;;At U3 pin 23.
C11;P05:C9;1u;SMD 1206 X7R 50V 10% 1u;1;Capacitor_SMD:C_1206_3216Metric_Pad1.33x1.80mm_HandSolder;nowe;;
C12;P05:C10;1u;SMD 1206 X7R 50V 10% 1u;1;Capacitor_SMD:C_1206_3216Metric_Pad1.33x1.80mm_HandSolder;nowe;;
C13;P05:C11;100n;SMD 1206 X7R 50V 10% 100n;1;Capacitor_SMD:C_1206_3216Metric_Pad1.33x1.80mm_HandSolder;nowe;;
C14;P05:C12;22u;C3225X7R1E226M250AB (TDK 22u 25V X7R 1210);1;Capacitor_SMD:C_1210_3225Metric_Pad1.33x2.70mm_HandSolder;nowe;;
C15;P05:C13;22u;C3225X7R1E226M250AB (TDK 22u 25V X7R 1210);1;Capacitor_SMD:C_1210_3225Metric_Pad1.33x2.70mm_HandSolder;nowe;;
C16;P05:CF;220p;SMD 1206 C0G 50V 5% 220p;1;Capacitor_SMD:C_1206_3216Metric_Pad1.33x1.80mm_HandSolder;nowe;;
C17;P05:CF;220p;SMD 1206 C0G 50V 5% 220p;1;Capacitor_SMD:C_1206_3216Metric_Pad1.33x1.80mm_HandSolder;nowe;;
C18;P05:CF;220p;SMD 1206 C0G 50V 5% 220p;1;Capacitor_SMD:C_1206_3216Metric_Pad1.33x1.80mm_HandSolder;nowe;;
C19;P05:CF;220p;SMD 1206 C0G 50V 5% 220p;1;Capacitor_SMD:C_1206_3216Metric_Pad1.33x1.80mm_HandSolder;nowe;;
C20;P05:CF;220p;SMD 1206 C0G 50V 5% 220p;1;Capacitor_SMD:C_1206_3216Metric_Pad1.33x1.80mm_HandSolder;nowe;;
C21;P05:CF;220p;SMD 1206 C0G 50V 5% 220p;1;Capacitor_SMD:C_1206_3216Metric_Pad1.33x1.80mm_HandSolder;nowe;;
C22;P05:CF;220p;SMD 1206 C0G 50V 5% 220p;1;Capacitor_SMD:C_1206_3216Metric_Pad1.33x1.80mm_HandSolder;nowe;;
C23;M1:NEW;1n;SMD 1206 C0G 50V 5% 1n;1;Capacitor_SMD:C_1206_3216Metric_Pad1.33x1.80mm_HandSolder;nowe;;RC 1 us with the 1k (anti-alias above the AD7606B x8 filter).
C24;P07:C22;100n;SMD 1206 X7R 50V 10% 100n;1;Capacitor_SMD:C_1206_3216Metric_Pad1.33x1.80mm_HandSolder;nowe;;At U4 VS.
C25;P09:C1;100n;SMD 1206 X7R 50V 10% 100n;1;Capacitor_SMD:C_1206_3216Metric_Pad1.33x1.80mm_HandSolder;nowe;;At U5.
C26;P10:C1;100n;SMD 1206 X7R 50V 10% 100n;1;Capacitor_SMD:C_1206_3216Metric_Pad1.33x1.80mm_HandSolder;nowe;;At U6 VCC.
C27;P10:C2;100n;SMD 1206 X7R 50V 10% 100n;1;Capacitor_SMD:C_1206_3216Metric_Pad1.33x1.80mm_HandSolder;nowe;;At U6 VIO.
C28;P07:C36;100n;SMD 1206 X7R 50V 10% 100n;1;Capacitor_SMD:C_1206_3216Metric_Pad1.33x1.80mm_HandSolder;nowe;;At U7.
C29;P08:C;100n;SMD 1206 X7R 50V 10% 100n;1;Capacitor_SMD:C_1206_3216Metric_Pad1.33x1.80mm_HandSolder;nowe;;At U8 IN.
C30;P08:C;1u;SMD 1206 X7R 50V 10% 1u;1;Capacitor_SMD:C_1206_3216Metric_Pad1.33x1.80mm_HandSolder;nowe;;At U8 OUT.
D1;P10:D1;PESD2CAN;PESD2CAN,215 Nexperia;1;Package_TO_SOT_SMD:SOT-23;rejestr;;Kept (A, 2 parts): ESD at the bus entry.
F1;P02:F1;7.5A / MINI 32V;Littelfuse 0297007.WXNV + Keystone 3568 (MINI holder, soldered);1;Fuse:Fuseholder_Blade_Mini_Keystone_3568;nowe;;D-M1-13: MINI 7.5 A in a soldered holder (as the 5.10 decision for P02). The only protection kept on the supply (A: wiring / pack fire).
J1;P02:J1;BAT / pola;2 x 2.0 mm2 from X1.1 / X1.2 (pack behind the BMS);1;M1:PAD_BAT;nowe;;X1.1 BAT+ (via the power switch on the enclosure, off board), X1.2 BAT-. Pack minus = board GND (single ground, D-M1-7 note).
J2;P02:J2;VMOTOR / pole;2.0 mm2 to X1.3 -> IBT-2 B+;1;M1:PAD_VMOTOR;nowe;;"IBT-2 B+ behind F1; IBT-2 B- goes to the pack minus on X1 (motor return current never crosses the board)."
J3;M1:NEW;BTN / pola;2 x 0.25 mm2 to the START/STOP push button on the enclosure;1;M1:PAD_BTN;nowe;;Soldered wires (no connector).
J4;P07:J5;IBT-2 / pola;6 x 0.25 mm2 to the IBT-2 2x4 header (soldered);1;M1:PAD_IBT;nowe;;IBT-2 header: 1 RPWM, 2 LPWM, 3 R_EN, 4 L_EN, 7 VCC, 8 GND (R_IS / L_IS 5 / 6 unused: current from the INA240). No connector on the board.
J5;M1:NEW;P1 ECU / EGR / pola;2 x 2.0 mm2 to X1.5 / X1.6;1;M1:PAD_P1;nowe;;"The only line through the board (shunt). LOGGER: X1.5 from the ECU; TESTER: X1.5 = IBT-2 M+."
J6;M1:NEW;X1.7-16 / pola;10 thin wires (0.25-0.5 mm2) to X1.7 ... X1.16;1;M1:PAD_SIG;nowe;;Taps P3-P6 (ECU and valve wires share one X1 screw each), SENS_5V, GND (car ground reference in LOGGER), VBAT_CAR, CAN H / L / GND.
M1;P03:M1;Waveshare ESP32-S3-DEV-KIT-N32R16V;owned (Waveshare ESP32-S3-DEV-KIT-N32R16V), soldered on 2 x 1x22 pin headers (D-M1-12);1;M1:Waveshare_ESP32-S3-DEV-KIT_2x22_W22.86;rejestr;https://www.waveshare.com/wiki/ESP32-S3-DEV-KIT-N8R8;"GPIO map SPECYFIKACJA 3 (6.2-s1 numbering). 5 V in at J1-21; module 3V3 not connected to the board 3.3 V. Status LED = module RGB on GPIO38."
R1;M1:NEW;10K;RC1206FR-0710KL;1;Resistor_SMD:R_1206_3216Metric_Pad1.30x1.75mm_HandSolder;nowe;;SD CS idle high at reset.
R2;P07:R3;100K;RC1206FR-07100KL;1;Resistor_SMD:R_1206_3216Metric_Pad1.30x1.75mm_HandSolder;nowe;;D-M1-4: bridge disabled while the ESP32 is in reset / booting.
R3;M1:NEW;100K;RC1206FR-07100KL;1;Resistor_SMD:R_1206_3216Metric_Pad1.30x1.75mm_HandSolder;nowe;;
R4;M1:NEW;100K;RC1206FR-07100KL;1;Resistor_SMD:R_1206_3216Metric_Pad1.30x1.75mm_HandSolder;nowe;;
R5;P08:NEW;100K;RC1206FR-07100KL;1;Resistor_SMD:R_1206_3216Metric_Pad1.30x1.75mm_HandSolder;nowe;;Sensor 5 V off while the ESP32 is in reset (no 5 V onto an ECU line in LOGGER).
R6;M1:NEW;10K;RC1206FR-0710KL;1;Resistor_SMD:R_1206_3216Metric_Pad1.30x1.75mm_HandSolder;nowe;;
R7;P05:R1;1R;RC1206FR-071RL;1;Resistor_SMD:R_1206_3216Metric_Pad1.30x1.75mm_HandSolder;nowe;;AVCC filter (P05 R3 R1, here 1206: ~25 mA).
R8;P05:R26;33R;RC1206FR-0733RL;1;Resistor_SMD:R_1206_3216Metric_Pad1.30x1.75mm_HandSolder;nowe;;DOUTA source damping at the ADC (P05 R26).
R9;P05:R17;10K;RC1206FR-0710KL;1;Resistor_SMD:R_1206_3216Metric_Pad1.30x1.75mm_HandSolder;nowe;;Reset held low while the ESP32 boots (P05 R3 R17).
R10;P05:R13;47K;RC1206FR-0747KL;1;Resistor_SMD:R_1206_3216Metric_Pad1.30x1.75mm_HandSolder;nowe;;
R11;P05:TAPS;300K;RT1206BRD07300KL;1;Resistor_SMD:R_1206_3216Metric_Pad1.30x1.75mm_HandSolder;nowe;;CH1 MOTOR series (in S1 on the TAPS adapter / P05).
R12;P05:RB;100K;RT1206BRD07100KL;1;Resistor_SMD:R_1206_3216Metric_Pad1.30x1.75mm_HandSolder;nowe;;CH1 MOTOR divider bottom.
R13;P05:TAPS;300K;RT1206BRD07300KL;1;Resistor_SMD:R_1206_3216Metric_Pad1.30x1.75mm_HandSolder;nowe;;CH2 MOTOR series (in S1 on the TAPS adapter / P05).
R14;P05:RB;100K;RT1206BRD07100KL;1;Resistor_SMD:R_1206_3216Metric_Pad1.30x1.75mm_HandSolder;nowe;;CH2 MOTOR divider bottom.
R15;P05:TAPS;100K;RT1206BRD07100KL;1;Resistor_SMD:R_1206_3216Metric_Pad1.30x1.75mm_HandSolder;nowe;;CH3 SENSOR series (in S1 on the TAPS adapter / P05).
R16;P05:TAPS;100K;RT1206BRD07100KL;1;Resistor_SMD:R_1206_3216Metric_Pad1.30x1.75mm_HandSolder;nowe;;CH4 SENSOR series (in S1 on the TAPS adapter / P05).
R17;P05:TAPS;100K;RT1206BRD07100KL;1;Resistor_SMD:R_1206_3216Metric_Pad1.30x1.75mm_HandSolder;nowe;;CH5 SENSOR series (in S1 on the TAPS adapter / P05).
R18;P05:TAPS;499K;RT1206BRD07499KL;1;Resistor_SMD:R_1206_3216Metric_Pad1.30x1.75mm_HandSolder;nowe;;CH7 VSENSE series (in S1 on the TAPS adapter / P05).
R19;P05:RB;100K;RT1206BRD07100KL;1;Resistor_SMD:R_1206_3216Metric_Pad1.30x1.75mm_HandSolder;nowe;;CH7 VSENSE divider bottom.
R20;P05:TAPS;100K;RT1206BRD07100KL;1;Resistor_SMD:R_1206_3216Metric_Pad1.30x1.75mm_HandSolder;nowe;;CH8 SENSOR series (in S1 on the TAPS adapter / P05).
R21;M1:NEW;1K;RC1206FR-071KL;1;Resistor_SMD:R_1206_3216Metric_Pad1.30x1.75mm_HandSolder;nowe;;INA240 output to CH6 (was the 10k-terminated reserve in S1).
R22;P07:R6;10R;RT1206BRD0710RL;1;Resistor_SMD:R_1206_3216Metric_Pad1.30x1.75mm_HandSolder;nowe;;Thin film 1206 0.1 % 25 ppm/K (Yageo RT, as P05 R3).
R23;P07:R7;10R;RT1206BRD0710RL;1;Resistor_SMD:R_1206_3216Metric_Pad1.30x1.75mm_HandSolder;nowe;;Thin film 1206 0.1 % 25 ppm/K (Yageo RT, as P05 R3).
R24;P09:JP;0R;RC1206FR-070RL;1;Resistor_SMD:R_1206_3216Metric_Pad1.30x1.75mm_HandSolder;nowe;;VIN = 3.3 V (fit). MODUL-KWALIFIKACJA 2-3: if 3Vo < 3.0 V at VIN 3.3 V, fit the 5 V link instead.
R25;P09:JP;0R;RC1206FR-070RL;1;Resistor_SMD:R_1206_3216Metric_Pad1.30x1.75mm_HandSolder;nowe;;DNP by default (VIN = 5 V option, see the 3.3 V link).
R26;P09:JP;0R;RC1206FR-070RL;1;Resistor_SMD:R_1206_3216Metric_Pad1.30x1.75mm_HandSolder;nowe;;VIN = 3.3 V (fit). MODUL-KWALIFIKACJA 2-3: if 3Vo < 3.0 V at VIN 3.3 V, fit the 5 V link instead.
R27;P09:JP;0R;RC1206FR-070RL;1;Resistor_SMD:R_1206_3216Metric_Pad1.30x1.75mm_HandSolder;nowe;;DNP by default (VIN = 5 V option, see the 3.3 V link).
R28;P09:R;10K;RC1206FR-0710KL;1;Resistor_SMD:R_1206_3216Metric_Pad1.30x1.75mm_HandSolder;nowe;;Module CS idle high (buffer off).
R29;P09:R;10K;RC1206FR-0710KL;1;Resistor_SMD:R_1206_3216Metric_Pad1.30x1.75mm_HandSolder;nowe;;Module CS idle high (buffer off).
R30;P10:R1;100R;RC1206FR-07100RL;1;Resistor_SMD:R_1206_3216Metric_Pad1.30x1.75mm_HandSolder;nowe;;
R31;P08:R;232K;RC1206FR-07232KL;1;Resistor_SMD:R_1206_3216Metric_Pad1.30x1.75mm_HandSolder;nowe;;Current limit as P08 R2 (R_ILIM 232k).
R32;P08:R;10K;RC1206FR-0710KL;1;Resistor_SMD:R_1206_3216Metric_Pad1.30x1.75mm_HandSolder;nowe;;
RSH1;P07:RSH1;5m / 1% / 2512 Kelvin;WSK25125L000FEA (Vishay WSK2512, 5 mOhm 1 %, 1 W at 70 C);1;M1:R_Shunt_Vishay_WSK2512_T1.19mm_SenseE1.70;nowe;;"In P1 between X1.5 and X1.6: ECU (LOGGER) or IBT-2 M+ (TESTER) -> valve. 3.5 A: 61 mW; 10 A: 0.5 W."
SD1;P03:SD1;Adafruit 4682 microSD (3V);owned Adafruit 4682, soldered by its 1x9 header (D-M1-11);1;M1:Adafruit_4682_microSD_1x09;rejestr;https://www.adafruit.com/product/4682;
TC1;P09:J3;TC1 / MAX31856 XU;owned MAX31856 XU module, soldered directly by its 1x9 header (measured 8.10: fits);1;M1:MAX31856_XU;rejestr;https://allegro.pl/oferta/max31856-modul-termopary-dla-typow-k-j-n-r-s-t-e-b-19-bitowy-modul-xu-18805671895;Thermocouple wires through their own gland straight to the module terminal (D-M1-8), not through X1.
TC2;P09:J4;TC2 / MAX31856 XU;owned MAX31856 XU module, soldered directly by its 1x9 header (measured 8.10: fits);1;M1:MAX31856_XU;rejestr;https://allegro.pl/oferta/max31856-modul-termopary-dla-typow-k-j-n-r-s-t-e-b-19-bitowy-modul-xu-18805671895;Thermocouple wires through their own gland straight to the module terminal (D-M1-8), not through X1.
TP1;M1:NEW;TP 5V;Test pad 1.5 mm (no part);1;TestPoint:TestPoint_Pad_D1.5mm;nowe;;Replaces the S1 service strips (audit: S).
TP2;M1:NEW;TP 3V3;Test pad 1.5 mm (no part);1;TestPoint:TestPoint_Pad_D1.5mm;nowe;;Replaces the S1 service strips (audit: S).
TP3;M1:NEW;TP VBUS;Test pad 1.5 mm (no part);1;TestPoint:TestPoint_Pad_D1.5mm;nowe;;Replaces the S1 service strips (audit: S).
TP4;M1:NEW;TP GND;Test pad 1.5 mm (no part);1;TestPoint:TestPoint_Pad_D1.5mm;nowe;;Replaces the S1 service strips (audit: S).
TP5;M1:NEW;TP I_MOT;Test pad 1.5 mm (no part);1;TestPoint:TestPoint_Pad_D1.5mm;nowe;;Replaces the S1 service strips (audit: S).
TP6;M1:NEW;TP SCOPE_TRIG;Test pad 1.5 mm (no part);1;TestPoint:TestPoint_Pad_D1.5mm;nowe;;Replaces the S1 service strips (audit: S).
TP7;M1:NEW;TP GPIO3_TP;Test pad 1.5 mm (no part);1;TestPoint:TestPoint_Pad_D1.5mm;nowe;;Replaces the S1 service strips (audit: S).
TP8;M1:NEW;TP ADC_REF;Test pad 1.5 mm (no part);1;TestPoint:TestPoint_Pad_D1.5mm;nowe;;Replaces the S1 service strips (audit: S).
TP9;M1:NEW;TP SENS_5V;Test pad 1.5 mm (no part);1;TestPoint:TestPoint_Pad_D1.5mm;nowe;;Replaces the S1 service strips (audit: S).
TP10;M1:NEW;TP GND;Test pad 1.5 mm (no part);1;TestPoint:TestPoint_Pad_D1.5mm;nowe;;Replaces the S1 service strips (audit: S).
U1;P02:U5;TSR 2-2450;TRACO TSR 2-2450 (5 V 2 A, 6.5-36 V in);1;Converter_DCDC:Converter_DCDC_TRACO_TSR2-xxxx_THT;nowe;https://www.tracopower.com/products/tsr2.pdf;Was P02 R4 U5 (5V_SYS). Load ~0.45 A peak (SPECYFIKACJA 4).
U2;P02:U6;TSR 2-2433;TRACO TSR 2-2433 (3.3 V 2 A);1;Converter_DCDC:Converter_DCDC_TRACO_TSR2-xxxx_THT;nowe;https://www.tracopower.com/products/tsr2.pdf;Peripherals 3.3 V (SD, MAX31856, AD7606B VDRIVE, TCAN1051 VIO). ESP32 runs from its module LDO (5 V in).
U3;P05:U1;AD7606BBSTZ;AD7606BBSTZ;1;Package_QFP:LQFP-64_10x10mm_P0.5mm;rejestr;https://www.analog.com/media/en/technical-documentation/data-sheets/AD7606B.pdf;"As P05 R3 U1: OS=111 serial software mode, internal reference, one DOUTA line; DOUTA straight to the ESP32 (no bus, no buffer)."
U4;P07:U1;INA240A2;INA240A2EDRQ1;1;Package_SO:SOIC-8_3.9x4.9mm_P1.27mm;rejestr;https://www.ti.com/lit/ds/symlink/ina240.pdf;"Owned (register). 50 V/V; REF1 = VS, REF2 = GND -> output at VS / 2 (bidirectional, data sheet 8.3.3); 0.25 V/A, linear about +-9 A (output 0.2 V from the rails), above F1 7.5 A. Zero recorded by firmware with the motor off (no reference buffer)."
U5;P09:U1;74LVC125AD;74LVC125AD,118 (Nexperia);1;Package_SO:SOIC-14_3.9x8.7mm_P1.27mm;rejestr;https://assets.nexperia.com/documents/data-sheet/74LVC125A.pdf;"Function, not protection: the module SDO (level shifter) is not guaranteed Hi-Z with CS high; the shared SPI3 MISO (SD card) needs it (P09 R2 reason). OE = CS of each module."
U6;P10:U1;TCAN1051V;TCAN1051VDRQ1;1;Package_SO:SOIC-8_3.9x4.9mm_P1.27mm;rejestr;https://www.ti.com/lit/ds/symlink/tcan1051-q1.pdf;"As P10 R2: S and TXD hard-wired to VIO (silent, cannot transmit); V variant (VIO 3.3 V)."
U7;P07:U16;74AHCT125D;"74AHCT125D,118 (Nexperia; TTL inputs, VCC 5 V)";1;Package_SO:SOIC-14_3.9x8.7mm_P1.27mm;nowe;https://assets.nexperia.com/documents/data-sheet/74AHCT125.pdf;"3.3 -> 5 V for the module 74HC244 (VIH ~3.5 V at 5 V). Always enabled; ESP32 pins pulled down (R2-R4): all module inputs low in reset."
U8;P08:U1;TPS2553DBVR;TPS2553DBVR;1;Package_TO_SOT_SMD:SOT-23-6;rejestr;https://www.ti.com/lit/ds/symlink/tps2553.pdf;Sensor 5 V for TESTER, current limited, enabled from GPIO40 (off in LOGGER). Active-high EN version.
X1;M1:NEW;listwa srubowa 16 tor;Screw terminal strip 16 ways, >= 10 A, DIN rail or panel (MPN to choose);1;-;nowe;;"In the enclosure; board wires soldered, outside cables through glands (SPECYFIKACJA 5)."
