Nazwa;Ilość;Uwagi
PCB P01 FR4 1.6 mm, 2L, 160x100 mm, proponowane Cu70um;1;dopiero po layout/DRC
H_PG: wiązka 6xAWG22, gotowa 200mm, PTH -> Mini-Fit Jr Au 6p;1;"komplet; składniki poniżej, nie liczyć podwójnie"
H_PG / obudowa Molex 39-01-2060;1;składnik wiązki
H_PG / styk Molex 39-00-0429 Au;6;"składnik wiązki; AWG22"
H_PG / linka AWG22 OD1.3-2.0mm po ok.230mm do obróbki;6;"składnik wiązki; gotowa długość200mm"
H_PG / opaska 2.5mm;1;składnik wiązki
H_BAT: 2x2.5mm2, gotowa 200mm, PTH -> MSTB 2p;1;"komplet; składniki poniżej"
H_BAT / wtyk Phoenix1757019;1;składnik wiązki
H_BAT / przewód2.5mm2 po ok.230mm czerwony/czarny;2;składnik wiązki
H_BAT / tulejka2.5mm2 dobrana do zacisku;2;składnik wiązki
H_BAT / opaska3.6mm;1;składnik wiązki
R34 / zwora z drutu cynowanego0.6mm;1;"odcinek do rastra15.24mm; bez rezystora"
Radiator Fischer SK12963.5STIS, wykonanie TO-220;2;"kandydat; M-01 mocowanie do zamknięcia"
Zestaw izolacyjny TO-220: podkładka+tulejka M3;2;bez dublowania podkładki dołączonej do radiatora
Śruba M3 + podkładka + nakrętka do TO-220;2;"długość po doborze radiatora; nie kupować w ciemno"
Dystans izolacyjny M3 10mm;4;montaż PCB
Śruba M3 do dystansu PCB;8;długość do obudowy i dystansu
Zworka serwisowa2.54mm do J3;1;normalnie zdjęta
Bezpiecznik5A DC i oprawa przy źródle;1;"element zewnętrznego zasilania; jeżeli już jest, nie dublować"
EXT/J_BATA Phoenix1786174 IC2.5/2-ST-5.08;1;"Za F1; mate1757019; osłonić/zamocować, bez dodatkowej PCB"
EXT/J_BATA tulejka2.5mm2 dobrana do zacisku;2;Osobne od H_BAT
