zlacze;nazwa;pin;sygnal;koniec_lutowany;uwagi
J1;DAQ B2B / RA socket 2x8;1;ADC_SCLK;brak - B2B;User decision 25.09: P05 beside P03, right-angle pair edge to edge. Key: position 2 blocked here, pin 2 removed on P05 (v6.1).
J1;DAQ B2B / RA socket 2x8;2;NC;brak - B2B;User decision 25.09: P05 beside P03, right-angle pair edge to edge. Key: position 2 blocked here, pin 2 removed on P05 (v6.1).
J1;DAQ B2B / RA socket 2x8;3;ADC_SDI;brak - B2B;User decision 25.09: P05 beside P03, right-angle pair edge to edge. Key: position 2 blocked here, pin 2 removed on P05 (v6.1).
J1;DAQ B2B / RA socket 2x8;4;GND;brak - B2B;User decision 25.09: P05 beside P03, right-angle pair edge to edge. Key: position 2 blocked here, pin 2 removed on P05 (v6.1).
J1;DAQ B2B / RA socket 2x8;5;ADC_DOUTA;brak - B2B;User decision 25.09: P05 beside P03, right-angle pair edge to edge. Key: position 2 blocked here, pin 2 removed on P05 (v6.1).
J1;DAQ B2B / RA socket 2x8;6;GND;brak - B2B;User decision 25.09: P05 beside P03, right-angle pair edge to edge. Key: position 2 blocked here, pin 2 removed on P05 (v6.1).
J1;DAQ B2B / RA socket 2x8;7;ADC_CS;brak - B2B;User decision 25.09: P05 beside P03, right-angle pair edge to edge. Key: position 2 blocked here, pin 2 removed on P05 (v6.1).
J1;DAQ B2B / RA socket 2x8;8;GND;brak - B2B;User decision 25.09: P05 beside P03, right-angle pair edge to edge. Key: position 2 blocked here, pin 2 removed on P05 (v6.1).
J1;DAQ B2B / RA socket 2x8;9;ADC_CONVST;brak - B2B;User decision 25.09: P05 beside P03, right-angle pair edge to edge. Key: position 2 blocked here, pin 2 removed on P05 (v6.1).
J1;DAQ B2B / RA socket 2x8;10;GND;brak - B2B;User decision 25.09: P05 beside P03, right-angle pair edge to edge. Key: position 2 blocked here, pin 2 removed on P05 (v6.1).
J1;DAQ B2B / RA socket 2x8;11;ADC_BUSY;brak - B2B;User decision 25.09: P05 beside P03, right-angle pair edge to edge. Key: position 2 blocked here, pin 2 removed on P05 (v6.1).
J1;DAQ B2B / RA socket 2x8;12;GND;brak - B2B;User decision 25.09: P05 beside P03, right-angle pair edge to edge. Key: position 2 blocked here, pin 2 removed on P05 (v6.1).
J1;DAQ B2B / RA socket 2x8;13;ADC_RESET;brak - B2B;User decision 25.09: P05 beside P03, right-angle pair edge to edge. Key: position 2 blocked here, pin 2 removed on P05 (v6.1).
J1;DAQ B2B / RA socket 2x8;14;GND;brak - B2B;User decision 25.09: P05 beside P03, right-angle pair edge to edge. Key: position 2 blocked here, pin 2 removed on P05 (v6.1).
J1;DAQ B2B / RA socket 2x8;15;MEAS_EN;brak - B2B;User decision 25.09: P05 beside P03, right-angle pair edge to edge. Key: position 2 blocked here, pin 2 removed on P05 (v6.1).
J1;DAQ B2B / RA socket 2x8;16;GND;brak - B2B;User decision 25.09: P05 beside P03, right-angle pair edge to edge. Key: position 2 blocked here, pin 2 removed on P05 (v6.1).
J2;ILOG / IDC 2x4 KEY 2;1;ADC_SCLK;wg karty drugiego modulu, kupne moduly zachowuja listwy;KEY 2: remove header pin 2 (v6.1).
J2;ILOG / IDC 2x4 KEY 2;2;NC;wg karty drugiego modulu, kupne moduly zachowuja listwy;KEY 2: remove header pin 2 (v6.1).
J2;ILOG / IDC 2x4 KEY 2;3;ADC_DOUTA;wg karty drugiego modulu, kupne moduly zachowuja listwy;KEY 2: remove header pin 2 (v6.1).
J2;ILOG / IDC 2x4 KEY 2;4;GND;wg karty drugiego modulu, kupne moduly zachowuja listwy;KEY 2: remove header pin 2 (v6.1).
J2;ILOG / IDC 2x4 KEY 2;5;CS_ILOG_N;wg karty drugiego modulu, kupne moduly zachowuja listwy;KEY 2: remove header pin 2 (v6.1).
J2;ILOG / IDC 2x4 KEY 2;6;GND;wg karty drugiego modulu, kupne moduly zachowuja listwy;KEY 2: remove header pin 2 (v6.1).
J2;ILOG / IDC 2x4 KEY 2;7;LOGGER_CURRENT_OK;wg karty drugiego modulu, kupne moduly zachowuja listwy;KEY 2: remove header pin 2 (v6.1).
J2;ILOG / IDC 2x4 KEY 2;8;GND;wg karty drugiego modulu, kupne moduly zachowuja listwy;KEY 2: remove header pin 2 (v6.1).
J3;ITEST / IDC 2x3 KEY 2;1;ADC_SCLK;wg karty drugiego modulu, kupne moduly zachowuja listwy;KEY 2: remove header pin 2.
J3;ITEST / IDC 2x3 KEY 2;2;NC;wg karty drugiego modulu, kupne moduly zachowuja listwy;KEY 2: remove header pin 2.
J3;ITEST / IDC 2x3 KEY 2;3;ADC_DOUTA;wg karty drugiego modulu, kupne moduly zachowuja listwy;KEY 2: remove header pin 2.
J3;ITEST / IDC 2x3 KEY 2;4;GND;wg karty drugiego modulu, kupne moduly zachowuja listwy;KEY 2: remove header pin 2.
J3;ITEST / IDC 2x3 KEY 2;5;CS_ITEST_N;wg karty drugiego modulu, kupne moduly zachowuja listwy;KEY 2: remove header pin 2.
J3;ITEST / IDC 2x3 KEY 2;6;GND;wg karty drugiego modulu, kupne moduly zachowuja listwy;KEY 2: remove header pin 2.
J4;SAFE / IDC 2x8 KEY 4;1;PWM;wg karty drugiego modulu, kupne moduly zachowuja listwy;KEY 4: remove header pin 4.
J4;SAFE / IDC 2x8 KEY 4;2;GND;wg karty drugiego modulu, kupne moduly zachowuja listwy;KEY 4: remove header pin 4.
J4;SAFE / IDC 2x8 KEY 4;3;HEARTBEAT;wg karty drugiego modulu, kupne moduly zachowuja listwy;KEY 4: remove header pin 4.
J4;SAFE / IDC 2x8 KEY 4;4;NC;wg karty drugiego modulu, kupne moduly zachowuja listwy;KEY 4: remove header pin 4.
J4;SAFE / IDC 2x8 KEY 4;5;MCU_ARM;wg karty drugiego modulu, kupne moduly zachowuja listwy;KEY 4: remove header pin 4.
J4;SAFE / IDC 2x8 KEY 4;6;GND;wg karty drugiego modulu, kupne moduly zachowuja listwy;KEY 4: remove header pin 4.
J4;SAFE / IDC 2x8 KEY 4;7;HW_ARMED;wg karty drugiego modulu, kupne moduly zachowuja listwy;KEY 4: remove header pin 4.
J4;SAFE / IDC 2x8 KEY 4;8;GND;wg karty drugiego modulu, kupne moduly zachowuja listwy;KEY 4: remove header pin 4.
J4;SAFE / IDC 2x8 KEY 4;9;INTERLOCK;wg karty drugiego modulu, kupne moduly zachowuja listwy;KEY 4: remove header pin 4.
J4;SAFE / IDC 2x8 KEY 4;10;GND;wg karty drugiego modulu, kupne moduly zachowuja listwy;KEY 4: remove header pin 4.
J4;SAFE / IDC 2x8 KEY 4;11;SENSOR_ENABLE;wg karty drugiego modulu, kupne moduly zachowuja listwy;KEY 4: remove header pin 4.
J4;SAFE / IDC 2x8 KEY 4;12;GND;wg karty drugiego modulu, kupne moduly zachowuja listwy;KEY 4: remove header pin 4.
J4;SAFE / IDC 2x8 KEY 4;13;CORE_LINK;wg karty drugiego modulu, kupne moduly zachowuja listwy;KEY 4: remove header pin 4.
J4;SAFE / IDC 2x8 KEY 4;14;GND;wg karty drugiego modulu, kupne moduly zachowuja listwy;KEY 4: remove header pin 4.
J4;SAFE / IDC 2x8 KEY 4;15;SUP_N;wg karty drugiego modulu, kupne moduly zachowuja listwy;KEY 4: remove header pin 4.
J4;SAFE / IDC 2x8 KEY 4;16;GND;wg karty drugiego modulu, kupne moduly zachowuja listwy;KEY 4: remove header pin 4.
J5;DIR / IDC 2x4 KEY 4;1;MOTOR_INA;wg karty drugiego modulu, kupne moduly zachowuja listwy;KEY 4: remove header pin 4.
J5;DIR / IDC 2x4 KEY 4;2;GND;wg karty drugiego modulu, kupne moduly zachowuja listwy;KEY 4: remove header pin 4.
J5;DIR / IDC 2x4 KEY 4;3;MOTOR_INB;wg karty drugiego modulu, kupne moduly zachowuja listwy;KEY 4: remove header pin 4.
J5;DIR / IDC 2x4 KEY 4;4;NC;wg karty drugiego modulu, kupne moduly zachowuja listwy;KEY 4: remove header pin 4.
J5;DIR / IDC 2x4 KEY 4;5;ENA_DIAG;wg karty drugiego modulu, kupne moduly zachowuja listwy;KEY 4: remove header pin 4.
J5;DIR / IDC 2x4 KEY 4;6;GND;wg karty drugiego modulu, kupne moduly zachowuja listwy;KEY 4: remove header pin 4.
J5;DIR / IDC 2x4 KEY 4;7;ENB_DIAG;wg karty drugiego modulu, kupne moduly zachowuja listwy;KEY 4: remove header pin 4.
J5;DIR / IDC 2x4 KEY 4;8;GND;wg karty drugiego modulu, kupne moduly zachowuja listwy;KEY 4: remove header pin 4.
J6;SFAULT / IDC 2x3 KEY 3;1;SENSOR_HEALTHY;wg karty drugiego modulu, kupne moduly zachowuja listwy;KEY 3: remove header pin 3.
J6;SFAULT / IDC 2x3 KEY 3;2;GND;wg karty drugiego modulu, kupne moduly zachowuja listwy;KEY 3: remove header pin 3.
J6;SFAULT / IDC 2x3 KEY 3;3;NC;wg karty drugiego modulu, kupne moduly zachowuja listwy;KEY 3: remove header pin 3.
J6;SFAULT / IDC 2x3 KEY 3;4;NC;wg karty drugiego modulu, kupne moduly zachowuja listwy;KEY 3: remove header pin 3.
J6;SFAULT / IDC 2x3 KEY 3;5;NC;wg karty drugiego modulu, kupne moduly zachowuja listwy;KEY 3: remove header pin 3.
J6;SFAULT / IDC 2x3 KEY 3;6;NC;wg karty drugiego modulu, kupne moduly zachowuja listwy;KEY 3: remove header pin 3.
J7;TEMP / IDC 2x5 KEY 4;1;SPI3_SCLK;wg karty drugiego modulu, kupne moduly zachowuja listwy;KEY 4: remove header pin 4.
J7;TEMP / IDC 2x5 KEY 4;2;GND;wg karty drugiego modulu, kupne moduly zachowuja listwy;KEY 4: remove header pin 4.
J7;TEMP / IDC 2x5 KEY 4;3;SPI3_MOSI;wg karty drugiego modulu, kupne moduly zachowuja listwy;KEY 4: remove header pin 4.
J7;TEMP / IDC 2x5 KEY 4;4;NC;wg karty drugiego modulu, kupne moduly zachowuja listwy;KEY 4: remove header pin 4.
J7;TEMP / IDC 2x5 KEY 4;5;SPI3_MISO;wg karty drugiego modulu, kupne moduly zachowuja listwy;KEY 4: remove header pin 4.
J7;TEMP / IDC 2x5 KEY 4;6;GND;wg karty drugiego modulu, kupne moduly zachowuja listwy;KEY 4: remove header pin 4.
J7;TEMP / IDC 2x5 KEY 4;7;TC1_CS;wg karty drugiego modulu, kupne moduly zachowuja listwy;KEY 4: remove header pin 4.
J7;TEMP / IDC 2x5 KEY 4;8;GND;wg karty drugiego modulu, kupne moduly zachowuja listwy;KEY 4: remove header pin 4.
J7;TEMP / IDC 2x5 KEY 4;9;TC2_CS;wg karty drugiego modulu, kupne moduly zachowuja listwy;KEY 4: remove header pin 4.
J7;TEMP / IDC 2x5 KEY 4;10;GND;wg karty drugiego modulu, kupne moduly zachowuja listwy;KEY 4: remove header pin 4.
J8;CAN / IDC 2x3 KEY 4;1;CAN_TX;wg karty drugiego modulu, kupne moduly zachowuja listwy;"User decision 25.09: 2x3 instead of the non-existent 2x2 box header; KEY 4 (remove pin 4); 5-6 NC. H_CAN and P10 follow (6-way ribbon)."
J8;CAN / IDC 2x3 KEY 4;2;GND;wg karty drugiego modulu, kupne moduly zachowuja listwy;"User decision 25.09: 2x3 instead of the non-existent 2x2 box header; KEY 4 (remove pin 4); 5-6 NC. H_CAN and P10 follow (6-way ribbon)."
J8;CAN / IDC 2x3 KEY 4;3;CAN_RX;wg karty drugiego modulu, kupne moduly zachowuja listwy;"User decision 25.09: 2x3 instead of the non-existent 2x2 box header; KEY 4 (remove pin 4); 5-6 NC. H_CAN and P10 follow (6-way ribbon)."
J8;CAN / IDC 2x3 KEY 4;4;NC;wg karty drugiego modulu, kupne moduly zachowuja listwy;"User decision 25.09: 2x3 instead of the non-existent 2x2 box header; KEY 4 (remove pin 4); 5-6 NC. H_CAN and P10 follow (6-way ribbon)."
J8;CAN / IDC 2x3 KEY 4;5;NC;wg karty drugiego modulu, kupne moduly zachowuja listwy;"User decision 25.09: 2x3 instead of the non-existent 2x2 box header; KEY 4 (remove pin 4); 5-6 NC. H_CAN and P10 follow (6-way ribbon)."
J8;CAN / IDC 2x3 KEY 4;6;NC;wg karty drugiego modulu, kupne moduly zachowuja listwy;"User decision 25.09: 2x3 instead of the non-existent 2x2 box header; KEY 4 (remove pin 4); 5-6 NC. H_CAN and P10 follow (6-way ribbon)."
J9;PANELCORE / Mini-Fit Jr 8p;1;GND;wg panelu P11;Key PANELCORE per v6.1 connectors.csv.
J9;PANELCORE / Mini-Fit Jr 8p;2;MARK;wg panelu P11;Key PANELCORE per v6.1 connectors.csv.
J9;PANELCORE / Mini-Fit Jr 8p;3;TEST_KEY;wg panelu P11;Key PANELCORE per v6.1 connectors.csv.
J9;PANELCORE / Mini-Fit Jr 8p;4;LOGGER_CLEAR;wg panelu P11;Key PANELCORE per v6.1 connectors.csv.
J9;PANELCORE / Mini-Fit Jr 8p;5;TEST_PRESENT;wg panelu P11;Key PANELCORE per v6.1 connectors.csv.
J9;PANELCORE / Mini-Fit Jr 8p;6;NC;wg panelu P11;Key PANELCORE per v6.1 connectors.csv.
J9;PANELCORE / Mini-Fit Jr 8p;7;N_J_SCOPE_HOT;wg panelu P11;Key PANELCORE per v6.1 connectors.csv.
J9;PANELCORE / Mini-Fit Jr 8p;8;GND;wg panelu P11;Key PANELCORE per v6.1 connectors.csv.
J10;LV03 / soldered harness;1;5V_SYS;P03 J10;H_LV03: 4 x AWG22, 200 mm, Mini-Fit Jr 4p at P02 (LV03). Soldered here, anchor 12.5 mm (v6.1: soldered end on P03).
J10;LV03 / soldered harness;2;GND;P03 J10;H_LV03: 4 x AWG22, 200 mm, Mini-Fit Jr 4p at P02 (LV03). Soldered here, anchor 12.5 mm (v6.1: soldered end on P03).
J10;LV03 / soldered harness;3;3V3_IO;P03 J10;H_LV03: 4 x AWG22, 200 mm, Mini-Fit Jr 4p at P02 (LV03). Soldered here, anchor 12.5 mm (v6.1: soldered end on P03).
J10;LV03 / soldered harness;4;GND;P03 J10;H_LV03: 4 x AWG22, 200 mm, Mini-Fit Jr 4p at P02 (LV03). Soldered here, anchor 12.5 mm (v6.1: soldered end on P03).
