module;nazwa;ilosc;jednostka;uwagi
AL1;nośnik / obudowa adaptera;1;szt.;"Wymiary: karta modułu; brak Gerberów"
AL1;Dystans M3 + śruba + podkładka;4;kpl.;Długość dobrać do obudowy i złącza B2B
AL2;nośnik / obudowa adaptera;1;szt.;"Wymiary: karta modułu; brak Gerberów"
AL2;Dystans M3 + śruba + podkładka;4;kpl.;Długość dobrać do obudowy i złącza B2B
AT;nośnik / obudowa adaptera;1;szt.;"Wymiary: karta modułu; brak Gerberów"
AT;Dystans M3 + śruba + podkładka;4;kpl.;Długość dobrać do obudowy i złącza B2B
P00;płytka uniwersalna PTH raster 2.54mm;1;szt.;"Wymiary: karta modułu; brak Gerberów"
P00;Dystans M3 + śruba + podkładka;4;kpl.;Długość dobrać do obudowy i złącza B2B
P01;PCB 2L do zaprojektowania;1;szt.;"Wymiary: karta modułu; brak Gerberów"
P01;Dystans M3 + śruba + podkładka;4;kpl.;Długość dobrać do obudowy i złącza B2B
P02;płytka uniwersalna PTH raster 2.54mm;1;szt.;"Wymiary: karta modułu; brak Gerberów"
P02;Dystans M3 + śruba + podkładka;4;kpl.;Długość dobrać do obudowy i złącza B2B
P03;płytka uniwersalna PTH raster 2.54mm;1;szt.;"Wymiary: karta modułu; brak Gerberów"
P03;Dystans M3 + śruba + podkładka;4;kpl.;Długość dobrać do obudowy i złącza B2B
P04;płytka uniwersalna PTH raster 2.54mm;1;szt.;"Wymiary: karta modułu; brak Gerberów"
P04;Dystans M3 + śruba + podkładka;4;kpl.;Długość dobrać do obudowy i złącza B2B
P05;PCB 2L do zaprojektowania;1;szt.;"Wymiary: karta modułu; brak Gerberów"
P05;Dystans M3 + śruba + podkładka;4;kpl.;Długość dobrać do obudowy i złącza B2B
P06;płytka uniwersalna PTH raster 2.54mm;1;szt.;"Wymiary: karta modułu; brak Gerberów"
P06;Dystans M3 + śruba + podkładka;4;kpl.;Długość dobrać do obudowy i złącza B2B
P07;PCB 2L do zaprojektowania;1;szt.;"Wymiary: karta modułu; brak Gerberów"
P07;Dystans M3 + śruba + podkładka;4;kpl.;Długość dobrać do obudowy i złącza B2B
P08;płytka uniwersalna PTH raster 2.54mm;1;szt.;"Wymiary: karta modułu; brak Gerberów"
P08;Dystans M3 + śruba + podkładka;4;kpl.;Długość dobrać do obudowy i złącza B2B
P09;płytka uniwersalna PTH raster 2.54mm;1;szt.;"Wymiary: karta modułu; brak Gerberów"
P09;Dystans M3 + śruba + podkładka;4;kpl.;Długość dobrać do obudowy i złącza B2B
P10;płytka uniwersalna PTH raster 2.54mm;1;szt.;"Wymiary: karta modułu; brak Gerberów"
P10;Dystans M3 + śruba + podkładka;4;kpl.;Długość dobrać do obudowy i złącza B2B
P11;płytka uniwersalna PTH raster 2.54mm;1;szt.;"Wymiary: karta modułu; brak Gerberów"
P11;Dystans M3 + śruba + podkładka;4;kpl.;Długość dobrać do obudowy i złącza B2B
