nazwa;ilosc;uwagi
Stacja lutownicza regulowana, groty do THT i drag solder;1;jeśli brak
Lupa / mikroskop do LQFP64 i VSSOP8;1;jeśli brak
Topnik, plecionka, cyna i środek do mycia PCB;1;zestaw
Multimetr z pomiarem ciągłości;1;jeśli brak
Oscyloskop + sonda z krótką sprężynką masową;1;jeśli brak
Zasilacz laboratoryjny z ograniczeniem prądu;1;jeśli brak
Obciążenie sztuczne do prób toru 5A;1;jeśli brak
Praska do IDC + przyrząd kontroli pinów;1;jeśli brak
Narzędzie zaciskowe Mini-Fit dobrane do styków;1;"opcjonalne; można kupić przewody ze stykami"
Zaciskarka DEUTSCH size16 + wyjmaki;1;jeśli brak
Zaciskarka do tulejek 2.5mm2;1;jeśli brak
Termokurcz, etykiety, osłony styków, opaski zapasowe;1;zestaw
Izolatory radiatorów i pasta termiczna zgodnie z P01;1;"zestaw; sprawdzić co zawiera radiator"
Karta microSD markowa / endurance FAT32;1;jeśli brak
Przewód właściwego typu termopary K i złącza K;1;zestaw dobrany do sond
Podstawki DIP dobrane do listy układów;1;"opcjonalny zestaw; nie podkładać pod SMD na P05/P07"
