dostawca;symbol;ilosc;cena_szt_zl;cena_typ;stan;plytki;uwagi
TME;TLC555CP;1;4,3310;netto;2504;P00 U1;
TME;LM2937ET-3.3/NOPB;1;8,1800;netto;95;P00 U2;
TME;CD74HC123E;1;3,6310;netto;2095;P04 U1;
TME;CD74HC14E;1;2,5770;netto;699;P04 U2;zamiennik SN74HC14N (TME: 0 szt.): ten sam układ TI HC14, DIP14, identyczny pinout
TME;SN74HC74N;1;4,0430;netto;285;P04 U3;
TME;SN74HC139N;1;4,9500;netto;829;P09 U3;P03 ma sztukę z Mousera
TME;SN74LVC1G17DBVR;1;0,5333;netto;12830;P03 U6;
TME;AO3401A;1;1,2860;netto;39078;P03 Q1;
TME;TLV1702AIDGKR;1;5,9900;netto;973;P05 U3;zamiennik TLV1702AQDGKRQ1 (w TME tylko po 2500): wersja przemysłowa -40..125 C, ta sama VSSOP-8 i pinout
TME;MCP1700-3302E/TO;1;1,8240;netto;1591;P05 U12;
TME;TPS2553DBVR;1;3,9900;netto;5;P08 U1;w TME tylko 5 szt.
TME;TCAN1051VDRQ1;1;8,1800;netto;138;P10 U1;
TME;PESD2CAN.215;1;2,2140;netto;14635;P10 D1;
TME;1N5819-E3/73;2;1,0850;netto;1326;P00 D1, P06 D1;Vishay DO-41 (1N5819-DIO w TME to obudowa DO-15)
TME;1N5817-E3/73;1;0,9980;netto;6855;P05 (opcja P5-06);opcjonalne wg recenzji P05
TME;BAT85S-TAP;1;0,6799;netto;5949;P06 D2;Vishay BAT85S, DO-35, zamiast BAT85,133 (brak w TME)
TME;2N3904BU;3;0,7407;netto;7079;P04 Q1-Q3;
TME;L-934GD;10;0,3280;netto;83929;P00 x8, P02, P03, P04;11 minus 1 z zapasu
TME;L-934YD;1;1,4044;netto;15176;P00;
TME;L-934ID;5;1,0850;netto;43370;P00;minimum TME 5 szt., potrzebna 1
TME;MF0207FTE-10K;107;0,1173;netto;237855;P02 8, P03 29, P04 26, P05 17, P06 9, P08 13, P09 6, P10 1;109 minus 2 z zapasu, P05 R13 = 47k (P5-05), P04-R2.2 R17 = 10k
TME;MF0207FTE-1K;36;0,1129;netto;117350;P00 19+5, P02, P03 2, P04 6, P05, P06 2;P00: 5 szt. do wiązki stanowiskowej
TME;MF0207FTE-100K;15;0,1964;netto;18879;P00, P04 6, P06 3, P09 7;17 minus 2 z zapasu
TME;MF0207FTE-4K7;3;0,3194;netto;7099;P00, P02, P03 2, P08;5 minus 2 z zapasu
TME;MF0207FTE-47K;2;0,3242;netto;21437;P04 2, P05 R13, P06;4 minus 2 z zapasu
TME;MF0207FTE-100R;7;0,1488;netto;66981;P04, P06, P08 2, P09 2, P10;
TME;MBB02070C3300FCT00;2;0,2188;netto;7796;P02 R5, P03 R12;330R 1 % 0207 Vishay (MF0207FTE-330R: 0 szt.)
TME;MF0207FTE-1M;2;0,2004;netto;64731;P02 R8, R11;
TME;MF0207FTE-470R;1;0,2966;netto;32785;P02 R16;
TME;MF0207FTE-220R;1;0,1759;netto;18904;P03 R34;
TME;MBB02070C3309FCT00;5;0,3325;netto;2797;P03 R36-R40;33R 1 % 0207 Vishay (MF0207FTE-33R: 0 szt.)
TME;MF0207FTE-47R;6;0,4213;netto;41458;P06 2, P09 4;
TME;MF0207FTE-220K;1;0,4174;netto;1657;P04 R1;
TME;MF0207FTE-68K;1;0,3325;netto;784;P00;
TME;LR1F560R;1;0,3574;netto;11978;P00 R5;560R 1 % TE LR1, 6,2x2,3 mm (MF0207FTE-560R: 0 szt.)
TME;KNP01U-1R;20;0,3575;netto;300;P05 R1, P06 R6;1R 1 W drutowy, korpus 3x9 mm, min. 20 szt., karty impulsowej nie sprawdzałem (wymóg P06: >= 10 mJ / 0,5 ms)
TME;PR02-39R;1;0,8689;netto;56;P06 R21;39R 2 W Vishay PR02, 3,9x12 mm
TME;PMR2S-1K;10;0,4393;netto;900;P02 R20;1k 2 W power metal 4x11 mm, min. 10 (PR02 1k brak w TME)
TME;HS25-47RF;1;16,0100;netto;58;P02 R17 (R_CHARGE, poza PCB);Arcol HS25 47R 1 % 25 W zamiast TE HSA2547RJ (w TME min. 26 szt.), ten sam typ obudowy
TME;RC1206FR-07220R;1;0,1120;netto;36988;P03 R41;
TME;RC0805FR-0733R;2;0,6112;netto;13199;P05 R26, R27;
TME;MBB0207VD1002BC100;3;3,5530;netto;2258;"P02 R7, R10; P05 R4";10k 0,1 % 25 ppm
TME;MBB0207VD2002BC100;1;3,8240;netto;1866;P05 R6;20k 0,1 %
TME;MBB0207VD1003BC100;5;4,5500;netto;339;P05 R28, R29, R32, R34, R35;100k 0,1 %
TME;MRA0207-30K1;1;4,6810;netto;182;P02 R6;30,1k 0,1 % 15 ppm
TME;K104K15X7RF5TH5;34;0,3767;netto;9890;P00 4, P02 5, P03 11, P04 14;ten sam kondensator co K104K15X7RF53H5, inny kod wyprowadzeń/opakowania (F53H5 w TME tylko po 5000)
TME;RDER71H103K0K1H03B;3;0,9222;netto;463;P00, P02 C14, C15;10n X7R 50 V raster 5 mm (K103 brak w TME)
TME;RDE5C1H102J0M1H03A;1;1,9700;netto;4038;P04 C18;1n C0G raster 5 mm (K102 brak w TME)
TME;RDE5C1H471J0M1H03A;1;0,9448;netto;1945;P06 C2;470p C0G raster 5 mm, obrys 4x2,5 mm
TME;EEUFR1H100;4;1,2160;netto;25398;P00, P02 2, P04;
TME;EEUFR1H220;4;1,4660;netto;5947;P00, P02 x3, P08 C10;22u/50 V FR, D5x11, zamiast EEUFR1C220 (P02 x2) i EEUFR1E220 (P08) — brak w TME, 5 minus 1 z zapasu
TME;EEUFR1C471;2;2,1530;netto;23095;P05 C1, P06 C3;
TME;EEUEB1H4R7SH;2;1,3610;netto;1722;P06 C4, C5;4,7u/50 V Panasonic EB, D5x11 (EEUFR1H4R7: 0 szt.)
TME;MKS2-1U/63-R;2;3,7760;netto;8416;P04 C1, C2;WIMA MKS2 1u/63 V 10 %, 5x10x7,2 mm
TME;MKS2-470N/63;1;2,8570;netto;7391;P06 C1;WIMA MKS2C034701C00KSSD
TME;HC1V229M35045HA;3;13,8700;netto;205;P02 bank HOLD;
TME;GRM21BR71H104KA01L;33;0,1107;netto;63651;P02 C16, P05 9, P06 11, P08 6, P09 3, P10 3;100n 0805 50 V pokrywa też miejsca 25 V
TME;GCM188R71H104KA57D;6;0,2404;netto;133290;P05 C4-C8, C11 (0603);
TME;GCM21BR71E105KA56L;10;0,1841;netto;7144;P05 5, P08 3, P09 2;1u 0805 25 V
TME;GRM21BR71E475KA73L;10;0,9490;netto;2120;"P09 C4, C5; P10 C4, C5";4u7 0805 25 V, min. 10
TME;GCM21BR71E225KA73L;1;0,4983;netto;5397;P05 C3;2u2 0805 25 V
TME;GRM216R71H103KA01D;2;0,0678;netto;8525;P05 C25, C26;10n 0805
TME;C0805C102K5RAC;1;0,2993;netto;1074;P05 C32;1n 0805 X7R
TME;GRM2165C1H221JA01D;7;0,5736;netto;1333;P05 C27-C34;220p C0G 0805
TME;CL32B226KAJNNNE;2;4,3310;netto;11128;P05 C12, C13;22u 1210 25 V X7R (C3225X7R1E226M250AB w TME tylko po 1000)
TME;GRM31CR71C106KA12L;1;1,3358;netto;19711;P03 C14;
TME;C3216X7R1H105KAB;1;0,4292;netto;3220;P03 C13;1u 1206 50 V (GRM31CR71E105KA12L brak w TME)
TME;C1206C104K5RAC;2;0,4073;netto;146336;P03 C12, C15;100n 1206 50 V (GRM31CR71H104KA01L brak w TME)
TME;MKDS1.5/2-5.08;1;3,7320;netto;264;P00 J10;Phoenix 1715721
TME;MSTBVA2.5/4G5.0;1;4,9000;netto;1470;P11 J1;Phoenix 1755752
TME;MX-39-29-6028;1;4,9400;netto;213;P08 J4;Mini-Fit Jr 2p
TME;T821-1-06-S1;6;3,2640;netto;34201;"P03 J3, J6, J8; P04 J4-J6";Amphenol FCI, złocone, zamiast Würth 61200621621 (TME nie prowadzi Würtha)
TME;T821-1-08-S1;2;1,6190;netto;1613;P03 J2, J5;jw., 2x4
TME;T821-1-10-S1;2;2,5860;netto;16097;P03 J7, P04 J3;jw., 2x5, min. 2
TME;T821-1-16-S1;2;3,2940;netto;2557;"P03 J4; P00 wiązka";jw., 2x8, min. 2, druga sztuka: męskie IDC16 z usuniętym pinem 4 do końcówki H_SAFE na stanowisku P00
TME;ZL262-40SG;2;1,4980;netto;11696;P03 M1 (2 x 1x22);gniazdo żeńskie 1x40 złocone, ciąć na 1x22
TME;ZL262-9SG;10;0,4455;netto;1380;P03 SD1, P09 J3, J4;1x9 złocone, min. 10
TME;ZL262-7SG;10;0,3552;netto;24350;P04 adaptery U8-U10 (6 szt.);1x7 złocone, min. 10
TME;0001.2507;1;2,2240;netto;6962;P02 F1;Schurter SPT T2A
TME;0001.2504;2;3,2780;netto;6613;P02 F2, F3;Schurter SPT T1A
TME;0001.2501;1;3,2230;netto;5623;P02 F4;Schurter SPT T0,5A — teraz jest w TME
TME;ZHL78;5;1,0110;netto;25101;P02 F1-F4;Stelvio-Kontek PTF/78, min. 5, potrzebne 4
TME;S6A;1;46,7700;netto;25;P06 SW1;NKK S6A
TME;BNC-056;2;4,6080;netto;1360;P05 AUX, P11 SCOPE;gniazdo BNC izolowane, lutowane
TME;MX-5557-04R;7;0,5910;netto;37718;LV03-LV10 bez LV07;Molex 39-01-2040
TME;MX-5557-14R;1;3,1500;netto;1476;VSENSE (P05);39-01-2140, w ZAKUPY-P02 i P05 ta sama sztuka
TME;MX-5557-12R;1;1,6800;netto;5592;TAPS (P05);39-01-2120
TME;MX-5557-10R;2;0,6210;netto;18836;PANELSAFE (P11), P00 J8;39-01-2100
TME;MX-5557-08R;1;0,9230;netto;19650;PANELCORE (P11);39-01-2080
TME;MX-5557-06R;1;1,0850;netto;5150;P00 J7;39-01-2060
TME;MX-5557-02R;1;0,7481;netto;149228;TSENSOR (P11);39-01-2020
TME;MX-39-00-0074;80;1,3690;netto;452;wszystkie wtyki Mini-Fit;potrzeba 72 minus 4 z zapasu = 68, reszta na nieudane zaciśnięcia, 100 szt. kosztuje 121,60 zł (próg 1,216)
TME;T812-1-06;8;2,8130;netto;8742;PSUOK, DAQOK, SENSOR, SFAULT, CAN + P00 x3;FCI, gold flash, wariant A101 — odciążkę sprawdzić przy odbiorze
TME;T812-1-08;1;3,9160;netto;80;ILOG (P06);jw.
TME;T812-1-10;2;2,8960;netto;5022;TEMP (P09), P00 J3;jw.
TME;T812-1-16;5;1,8940;netto;7671;SAFE (P04);jw., min. 5, potrzebna 1
TME;MSTB2.5/3-ST-5.08;1;10,1100;netto;1510;P02 SUPPLY do P01 J6;Phoenix 1757022
TME;MSTB2.5/4-ST-5.08;1;9,5400;netto;774;P06 ISERIES;Phoenix 1757035
TME;DT04-12PA;1;12,3800;netto;413;P11 X8 TEST;DT04-12PB i -PC: w TME tylko po 32/22 szt., patrz uzupełnienie
TME;W12P;3;1,4130;netto;1133;P11;
TME;04602021631-TEC-0;25;4,1600;netto;25;P11;TE 0460-202-1631, w TME dokładnie 25 szt., bez zapasu
TME;114017;11;0,8180;netto;51440;P11;
TME;BUS-CAN-1X2X0.22;1;8,2700;netto;1041;P10 W3 (0,3 m);LAPP UNITRONIC BUS CAN 120 ohm, ekranowany, sprzedaż na metry
TME;TFF-M3X10/DR185;40;1,9510;netto;20570;P00, P02-P06, P08-P11;poliamid jak w P01, 41 minus 6 z zapasu, metalowa TFF-M3X10/DR123 kosztuje 0,52 zł
TME;TFF-M2.5X12/DR182;10;2,7210;netto;500;P03 SD1 (2), P09 (4);poliamid M2,5 12 mm, wysokość do przymiarki z gniazdem ZL262 (8,5 mm)
TME;M2.5X6/D7985B;100;0,0653;netto;109000;P03, P09;min. 100
Kamami;1191911 ZOBD SET ABS — zestaw OBD2 (12 V, typ A) z obudową, Kradex;1;17,02;brutto;Dostępny (5);P10 W3;TME ma tylko wersję 24 V, przewody lutowane do pinów 6/14 — sprawdzić przy odbiorze
Kamami;648 Podstawka DIP14 precyzyjna;2;0,98;brutto;Dostępny (39);P04 U2, U3;4 szt. dla P04 z 24.09 już są
Kamami;1207058 Podstawka precyzyjna DIP-8P, złocone styki;1;5,02;brutto;Dostępny (16);P00 U1;
Kamami;649 Podstawka DIP16 precyzyjna;1;0,80;brutto;Dostępny (22);P09 U3 (opcja);opcjonalna wg ZAKUPY P09
Kamami;204596 Przewody połączeniowe F-F 17 cm, 40 szt.;1;5,69;brutto;Dostępny (276);P00 wiązka stanowiskowa;potrzeba ok. 25
Kamami;1184699 Przycisk panelowy monostabilny 16x22 mm, czerwony;1;5,90;brutto;Dostępny (43);P00 ARM;styk NO sprawdzić przy odbiorze
Kamami;1184697 Przycisk panelowy monostabilny 16x22 mm, zielony;1;5,90;brutto;Dostępny (44);P00 SAFE_N_TEST;jw.
TME przewody;LGY0.35/25-BK;25;2,97;netto;825;ok. AWG22: 12,4 m łącznie (LV, PANELSAFE/PANELCORE, VSENSE, P00);szpula 25 m, drugi kolor np. LGY0.35/25-RD
TME przewody;LGY0.50/25-BK;25;3,56;netto;500;0,5 mm2: DEUTSCH P11 3,15 m + R_CHARGE P02 0,4 m;szpula 25 m
TME przewody;LGY1.5/10-BK;10;8,90;netto;180;1,5 mm2: P11 W5/W7 0,6 m;szpula 10 m
TME przewody;DS1057-16A282R;1;94,97;netto;258;taśmy IDC;rolka 30,5 m
Farnell;1332051 MCP100-300DI/TO;1;1,54;netto;1675;P04 U11;TME ma tylko wariant H (inny bondout)
Farnell;4178763 TBD62083APG;2;12,41;netto;1713;P05 U4, P08 U2;Mouser: „nie sprzedaje tego produktu w Twoim regionie”, TME: DIP tylko po 79 szt.
Farnell;LTC4412IS6#TRPBF LTC4412IS6#TRPBF;1;21,94;netto;1986;P03 U5;Mouser: „ograniczona dostępność”, TME 0 szt., w pliku Farnella numer producenta
Farnell;4446136 G6K-2P-Y DC5;4;19,45;netto;5031;P05 K1-K3, P08 K1;Mouser 0 szt. (dostawa 08.01.2027), TME 0 szt. (tydz. 8/2027)
Farnell;4035972 STPS20100CT;1;11,48;netto;517;P02 (druga sztuka);Mouser min. 2000, TME 0 szt. (tydz. 43/2026)
Farnell;2671273 Phoenix 1766246 GMSTBA 2,5/3-G-7,62;1;6,92;netto;308;P02 VMOTOR;TME 0 szt., termin do potwierdzenia
Farnell;2751659 Molex 39-29-6048 (4p Au, bez kołków);10;6,71;netto;538;"P02 J3-J10; P00 wiązka (męskie do H_LV04)";10 szt. po 6,71 taniej niż 9 po 9,87, TME 0 szt., min. 10
Farnell;2612451 Molex 39-29-9069 (6p z kołkami);1;14,31;netto;23;P04 J7;TME min. 32
Farnell;1083509 YR1B232KCC (232k 0,1 % zamiast 1 %);5;4,19;netto;1415;P08 R1;232k 1 %: Mouser i TME bez stanu w detalu, 0,1 % spełnia wymóg 1 %, Farnell min. 5
Mouser;595-REF5025AIDR REF5025AIDR (zamiast ADR4525BRZ);1;16,10;netto;5139;P05 U2;ADR4525BRZ nigdzie na stanie (DigiKey 33 tyg.), REF5025: ten sam pinout SOIC-8 (2 VIN, 4 GND, 6 VOUT, 3 TEMP i 5 TRIM zostają wolne jak w P05), 0,05 %, 3 ppm/K, zasila tylko dzielniki okna DAQ_OK
Mouser;595-N74LVC1G37DBVRQ1 SN74LVC1G37DBVRQ1 (zamiast SN74LVC1G37DBVR);1;1,10;netto;1883;P03 U4 (R5);DBVR: TME 0 bez terminu, Mouser niedostępny (16 tyg.), Farnell brak, Q1 = wersja AEC-Q100 tego samego układu, SOT23-5
Mouser;579-MCP120-300DI/TO MCP120-300DI/TO;1;2,27;netto;894;P08 U8;TME i Farnell: min. 2000 szt.
Mouser;279-YR1B38K3CC YR1B38K3CC (38,3k 0,1 %);1;3,86;netto;1726;P02 R9;TE, 15 ppm
Mouser;279-YR1B15KCC YR1B15KCC (15k 0,1 %);1;3,82;netto;7699;P05 R3;Farnell min. 5
Mouser;279-YR1B6K04CC YR1B6K04CC (6,04k 0,1 %);1;3,86;netto;785;P05 R5 (P5-02);Farnell: brak tej wartości
Mouser;279-YR1B5K11CC YR1B5K11CC (5,11k 0,1 %);3;3,82;netto;1038;"P05 R7 (P5-02); P06 R3, R4";P06: 5k11 zamiast 5k1 — dzielnik R3/R4 zostaje dokładnie 1:2, obciążenie INA240 10,22 kΩ (warunek >= 10 kΩ), 5k1 0,1 % nigdzie w detalu
Mouser;279-YR1B24K9CC YR1B24K9CC (24,9k 0,1 %);1;3,86;netto;2825;P05 R8;Farnell min. 5
Mouser;279-YR1B499KCC YR1B499KCC (499k 0,1 %);1;1,93;netto;5336;P05 R31;Farnell min. 5
Mouser;279-YR1B10RCC YR1B10RCC (10R 0,1 %);2;2,35;netto;2193;P06 R1, R2;Farnell min. 5
Mouser;71-RN55E3003B RN55E3003BB14 (300k 0,1 %);1;7,44;netto;661;P05 R33;Vishay Dale RN55, charakterystyka E = 25 ppm/K (potwierdzić w karcie), YR1B nie ma 300k
Mouser;611-7201-054 C&K 7201SYCBE;1;57,55;netto;10;P05 SW1;TME ma tylko 7201SYZBE (końcówki lutownicze), sprawdzić, czy 611-7201-054 to wersja SYCBE
Mouser;538-39-29-6148 Molex 39-29-6148 (14p Au);1;33,13;netto;5730;P02 J11;TME: min. 10 po 36,99
Mouser;538-39-29-6088 Molex 39-29-6088 (8p Au, bez kołków);1;15,27;netto;3962;P03 J9;BOM P03: 39-28-x08x, TME: min. 23, cynowy MX-5566-08A w TME 1,92 zł — decyzja (styki Au)
Mouser;538-39-29-9109 Molex 39-29-9109 (10p z kołkami);1;22,79;netto;404;P04 J8;TME: min. 21
Mouser;538-39-29-6128 Molex 39-29-6128 (12p Au, bez kołków) zamiast 39-29-9129;1;28,25;netto;2523;P11 J7;39-29-9129: Mouser 0 szt. (23.10), TME i Farnell brak, footprint 5566-12A2 przyjmuje wersję bez kołków, otwory na kołki zostają puste
Mouser;710-450301014042 Würth 450301014042 (WS-SLTV);9;8,54;netto;15537;P00 CH1-CH9;TME nie prowadzi Würtha
Mouser;571-DT04-12PB TE DEUTSCH DT04-12PB;1;17,64;netto;5888;P11 X2;TME: 0 szt., min. 32
Mouser;571-DT04-12PC TE DEUTSCH DT04-12PC;1;18,83;netto;2450;P11 X3;TME: min. 22
Mouser;485-4682 Adafruit 4682 (microSD);1;13,24;netto;812;P03 SD1;brak w TME i Kamami
